tu_id	speaker	start	end	duration	include	W:normalized_spaces	W:numbers	W:accents	W:non_jefferson	W:pauses_trim	W:prosodic_trim	E:volume	E:pace	E:guess	E:overlap	E:overlap_mismatch	E:overlap_duration	T:shortpauses	T:metalinguistic	T:errors	T:linguistic	annotation	correct	text
0	TO999	1.33	4.558	3.228	True	0	0	0	0	0	0	False	False	False	False	False	_	0	0	0	4	<allora:::> carla ti chiedo,	<allora:::> carla ti chiedo,	allora carla ti chiedo
1	TO999	4.94	6.161	1.221	True	0	0	0	0	0	0	False	False	False	False	False	_	0	0	0	5	come è fatta casa tua.	come è fatta casa tua.	come è fatta casa tua
2	TO083	7.278	12.545	5.267	True	0	0	0	0	0	0	False	False	False	False	False	_	0	0	0	19	come è fatta casa mia, allora i miei sono divorziati quindi ti descrivo casa di mia madre va bene?	come è fatta casa mia, allora i miei sono divorziati quindi ti descrivo casa di mia madre va bene?	come è fatta casa mia allora i miei sono divorziati quindi ti descrivo casa di mia madre va bene
3	TO083	13.526	15.068	1.542	True	0	0	0	0	0	0	False	False	False	False	False	_	0	0	0	4	è: al primo piano.	è: al primo piano.	è al primo piano
4	TO083	15.598	17.48	1.882	True	0	0	0	0	0	0	False	False	False	False	False	_	0	0	0	5	l' entrata è piuttosto losca.	l' entrata è piuttosto losca.	l' entrata è piuttosto losca
5	TO083	17.663	21.846	4.183	True	0	0	0	0	0	0	False	False	False	False	False	_	0	0	0	12	ci sono delle scale un po' sdrucciole: e molto buie è bruttissimo.	ci sono delle scale un po' sdrucciole: e molto buie è bruttissimo.	ci sono delle scale un po' sdrucciole e molto buie è bruttissimo
6	TO083	22.033	23.815	1.782	True	0	0	0	0	0	0	False	False	False	False	False	_	0	0	0	6	e dici oddio dove sto entrando?	e dici oddio dove sto entrando?	e dici oddio dove sto entrando
7	TO083	24.153	24.95	0.797	True	0	0	0	0	0	0	False	False	False	False	False	_	0	0	0	2	poi entri,	poi entri,	poi entri
8	TO083	25.101	25.883	0.782	True	0	0	0	0	0	0	False	False	False	False	False	_	0	0	0	3	e è bellissima.	e è bellissima.	e è bellissima
9	TO083	26.441	27.58	1.139	True	0	0	0	0	0	0	False	False	False	False	False	_	0	0	0	4	perché è molto luminosa,	perché è molto luminosa,	perché è molto luminosa
10	TO083	27.903	29.018	1.115	True	0	0	0	0	0	0	False	False	False	False	False	_	0	0	0	5	c' è il parquet bello,	c' è il parquet bello,	c' è il parquet bello
11	TO083	29.645	33.31	3.665	True	0	0	0	0	0	0	False	False	False	False	False	_	0	0	0	9	c' è:: una:=m:h una cucina unita alla sala,	c' è:: una:=m:h una cucina unita alla sala,	c' è una mh una cucina unita alla sala
12	TO083	33.446	37.285	3.839	True	0	0	0	0	0	0	False	False	False	False	False	_	0	0	0	11	non tanto grande però molto carina arredata sul rosso molto allegra,	non tanto grande però molto carina arredata sul rosso molto allegra,	non tanto grande però molto carina arredata sul rosso molto allegra
13	TO083	37.61	39.6	1.99	True	0	0	0	0	0	0	False	False	False	False	False	_	0	0	0	4	e::h=mh lievemente etnica.	e::h=mh lievemente etnica.	eh mh lievemente etnica
14	TO083	39.683	40.84	1.157	True	0	0	0	0	0	0	False	False	False	False	False	_	0	0	0	2	ma lievemente.	ma lievemente.	ma lievemente
15	TO083	41.596	45.0	3.404	True	0	0	0	0	0	0	False	False	False	False	False	_	0	0	0	5	e::h=m:h po:i: ci: sono,	e::h=m:h po:i: ci: sono,	eh mh poi ci sono
16	TO083	45.346	50.84	5.494	True	0	0	0	0	0	0	False	False	False	False	False	_	0	0	0	19	il mare non si vede ma si intravede un pezzettino piccolo piccolo che lascia intravedere la possibilità del mare.	il mare non si vede ma si intravede un pezzettino piccolo piccolo che lascia intravedere la possibilità del mare.	il mare non si vede ma si intravede un pezzettino piccolo piccolo che lascia intravedere la possibilità del mare
17	TO083	51.325	51.84	0.515	True	0	0	0	0	0	0	False	False	False	False	False	_	0	0	0	2	e[: quindi,]	e[: quindi,]	e quindi
18	TO999	51.415	53.035	1.62	True	0	0	0	0	0	0	False	False	False	False	False	_	0	0	0	8	[il mare lo] si vede perché sei di?	[il mare lo] si vede perché sei di?	il mare lo si vede perché sei di
19	TO083	53.105	53.933	0.828	True	1	0	0	1	0	0	False	False	False	False	False	_	0	1	1	2	sono di ((*nomepaese)).	sono di {nomepaese} .	sono di {nomepaese} .
20	TO999	54.008	54.471	0.463	True	0	0	0	0	0	0	False	False	False	False	False	_	0	0	0	2	ah o[kay.]	ah o[kay.]	ah okay
21	TO083	54.248	57.84	3.592	True	0	0	0	0	0	0	False	False	False	False	False	_	0	0	0	14	[cioè] se ne vede u:na strisciolina minuscola non posso dire che sia vista mare,	[cioè] se ne vede u:na strisciolina minuscola non posso dire che sia vista mare,	cioè se ne vede una strisciolina minuscola non posso dire che sia vista mare
22	TO083	58.078	58.48	0.402	True	0	0	0	0	0	0	False	False	False	False	False	_	0	0	0	1	però,	però,	però
23	TO083	58.806	62.261	3.455	True	0	0	0	0	0	0	False	False	False	False	False	_	0	0	0	14	ti lascia intravedere la possibilità di mare quindi c' è un' idea di apertura,	ti lascia intravedere la possibilità di mare quindi c' è un' idea di apertura,	ti lascia intravedere la possibilità di mare quindi c' è un' idea di apertura
24	TO083	63.061	65.52	2.459	True	0	0	0	0	0	0	False	False	False	False	False	_	0	0	0	11	e: poi c' è la stanza da letto di mia madre,	e: poi c' è la stanza da letto di mia madre,	e poi c' è la stanza da letto di mia madre
25	TO083	65.94	67.708	1.768	True	0	0	0	0	0	0	False	False	False	False	False	_	0	0	0	7	la stanza da letto di mia sorella,	la stanza da letto di mia sorella,	la stanza da letto di mia sorella
26	TO083	67.863	68.651	0.788	True	0	0	0	0	0	0	False	False	False	False	False	_	0	0	0	3	e un bagnetto.	e un bagnetto.	e un bagnetto
27	TO999	69.23	69.65	0.42	True	0	0	0	0	0	0	False	False	False	False	False	_	0	0	0	1	okay.	okay.	okay
28	TO999	70.053	71.978	1.925	True	0	0	0	0	0	0	False	False	False	False	False	_	0	0	0	5	e::: come mai dici etnica?	e::: come mai dici etnica?	e come mai dici etnica
29	TO083	72.89	81.866	8.976	True	0	0	0	0	0	0	False	False	False	False	False	_	0	0	0	24	e:tnica perché: da qualche viaggio dei miei tipo in cambogia in tailandia abbiam portato magari::=m:h=un tappeto appeso al muro: oppure un quadro,	e:tnica perché: da qualche viaggio dei miei tipo in cambogia in tailandia abbiam portato magari::=m:h=un tappeto appeso al muro: oppure un quadro,	etnica perché da qualche viaggio dei miei tipo in cambogia in tailandia abbiam portato magari mh un tappeto appeso al muro oppure un quadro
30	TO083	82.538	84.815	2.277	True	0	0	0	0	0	0	False	False	False	False	False	_	0	0	0	7	qualche piccolo elemento ma non è troppo.	qualche piccolo elemento ma non è troppo.	qualche piccolo elemento ma non è troppo
31	TO999	85.275	85.75	0.475	True	0	0	0	0	0	0	False	False	False	False	False	_	0	0	0	1	okay.	okay.	okay
32	TO999	85.911	86.898	0.987	True	0	0	0	0	0	0	False	False	False	False	False	_	0	0	0	5	e ti piace quella casa?	e ti piace quella casa?	e ti piace quella casa
33	TO083	87.341	88.008	0.667	True	0	0	0	0	0	0	False	False	False	False	False	_	0	0	0	1	molto.	molto.	molto
34	TO083	88.24	91.786	3.546	True	0	0	0	0	0	0	False	False	False	False	False	_	0	0	0	12	molto purtroppo è in affitto quindi l' anno prossimo cambierà però sì.	molto purtroppo è in affitto quindi l' anno prossimo cambierà però sì.	molto purtroppo è in affitto quindi l' anno prossimo cambierà però sì
35	TO083	91.8	92.508	0.708	True	0	0	0	0	0	0	False	False	False	False	False	_	0	0	0	3	mi piace molto.	mi piace molto.	mi piace molto
36	TO999	94.881	101.023	6.142	True	0	0	0	0	0	0	False	False	False	False	False	_	0	0	0	21	ma:=m:h hai sempre: vissuto nella stanza da sola quindi sei abituata ad avere una tua stanz[a con le tue cose,]	ma:=m:h hai sempre: vissuto nella stanza da sola quindi sei abituata ad avere una tua stanz[a con le tue cose,]	ma mh hai sempre vissuto nella stanza da sola quindi sei abituata ad avere una tua stanza con le tue cose
37	TO083	99.895	103.005	3.11	True	0	0	0	0	0	0	False	False	False	False	False	_	0	0	0	12	[no in realtà] io ho sempre abitato a casa di mio padre.	[no in realtà] io ho sempre abitato a casa di mio padre.	no in realtà io ho sempre abitato a casa di mio padre
38	TO999	103.005	103.426	0.421	True	0	0	0	0	0	0	False	False	False	False	False	_	0	0	0	1	mhmh,	mhmh,	mhmh
39	TO083	103.935	106.765	2.83	True	0	0	0	0	0	0	False	False	False	False	False	_	1	0	0	3	per questioni: (.) diplomatiche:,	per questioni: {P} diplomatiche:,	per questioni {P} diplomatiche
40	TO083	106.915	113.543	6.628	True	0	0	0	0	0	0	False	False	False	False	False	_	0	0	0	26	e::h conseguenti al divorzio però:: a casa di mia madre non ho una camera mia cioè c' è camera di mia sorella e io dormo lì.	e::h conseguenti al divorzio però:: a casa di mia madre non ho una camera mia cioè c' è camera di mia sorella e io dormo lì.	eh conseguenti al divorzio però a casa di mia madre non ho una camera mia cioè c' è camera di mia sorella e io dormo lì
41	TO083	114.05	116.911	2.861	True	0	0	0	0	0	0	False	False	False	False	False	_	0	0	0	12	o con mia sorella o nel lettone con mia madre a seconda.	o con mia sorella o nel lettone con mia madre a seconda.	o con mia sorella o nel lettone con mia madre a seconda
42	TO999	117.711	119.851	2.14	True	0	0	0	0	0	0	False	False	False	False	False	_	0	0	0	10	ho capito. e la tua stanza quindi come è fatta?	ho capito. e la tua stanza quindi come è fatta?	ho capito e la tua stanza quindi come è fatta
43	TO083	120.325	122.168	1.843	True	0	0	0	0	0	0	False	False	False	False	False	_	0	0	0	7	la mia a casa di mio padre,	la mia a casa di mio padre,	la mia a casa di mio padre
44	TO083	122.556	123.423	0.867	True	0	0	0	0	0	0	False	False	False	False	False	_	0	0	0	4	si vede il mare.	si vede il mare.	si vede il mare
45	TO083	124.785	128.691	3.906	True	0	0	0	0	0	0	False	False	False	False	False	_	0	0	0	10	è piuttosto etnica perché ai tempi ero molto presa bene.	è piuttosto etnica perché ai tempi ero molto presa bene.	è piuttosto etnica perché ai tempi ero molto presa bene
46	TO999	128.691	129.071	0.38	True	0	0	0	0	0	0	False	False	False	False	False	_	0	0	0	1	mhmh,	mhmh,	mhmh
47	TO083	129.571	132.588	3.017	True	0	0	0	0	0	0	False	False	False	False	False	_	0	0	0	6	e::h=m::h c' è u:n letto,	e::h=m::h c' è u:n letto,	eh mh c' è un letto
48	TO083	133.178	135.777	2.599	True	0	0	0	0	0	0	False	False	False	False	False	_	0	0	0	7	con un copriletto che avevano con mhmh,	con un copriletto che avevano con mhmh,	con un copriletto che avevano con mhmh
49	TO083	136.055	138.508	2.453	True	0	0	0	0	0	0	False	False	False	False	False	_	0	0	0	5	un copriletto fatto della stoffa,	un copriletto fatto della stoffa,	un copriletto fatto della stoffa
50	TO083	139.411	143.28	3.869	True	0	0	0	0	0	0	False	False	False	False	False	_	0	0	0	15	che avevano comprato i miei genitori vent' anni fa in viaggio di nozze in tailandia,	che avevano comprato i miei genitori vent' anni fa in viaggio di nozze in tailandia,	che avevano comprato i miei genitori vent' anni fa in viaggio di nozze in tailandia
51	TO083	143.51	145.116	1.606	True	0	0	0	0	0	0	False	False	False	False	False	_	0	0	0	6	molto molto bella blu e rossa.	molto molto bella blu e rossa.	molto molto bella blu e rossa
52	TO083	146.028	147.521	1.493	True	0	0	0	0	0	0	False	False	False	False	False	_	0	0	0	7	poi c' è una scrivania di legno,	poi c' è una scrivania di legno,	poi c' è una scrivania di legno
53	TO083	148.18	150.188	2.008	True	0	0	0	0	0	0	False	False	False	False	False	_	0	0	0	5	appeso al muro un tappeto,	appeso al muro un tappeto,	appeso al muro un tappeto
54	TO083	150.678	154.04	3.362	True	0	0	0	0	0	0	False	False	False	False	False	_	0	0	0	10	un armadio bianco sempre incasinato ed è sempre molto disordinata.	un armadio bianco sempre incasinato ed è sempre molto disordinata.	un armadio bianco sempre incasinato ed è sempre molto disordinata
55	TO999	154.77	155.335	0.565	True	0	0	0	0	0	0	False	False	False	False	False	_	0	0	0	1	okay,	okay,	okay
56	TO999	155.885	158.425	2.54	True	0	0	0	0	0	0	False	False	False	False	False	_	0	0	0	9	e:: qual è la tua stanza preferita della casa?	e:: qual è la tua stanza preferita della casa?	e qual è la tua stanza preferita della casa
57	TO999	159.601	162.933	3.332	True	0	0	0	0	0	0	False	False	False	False	False	_	0	0	0	10	come tipo di ambiente non [m:h specif]ico su casa tua.	come tipo di ambiente non [m:h specif]ico su casa tua.	come tipo di ambiente non mh specifico su casa tua
58	TO083	161.061	161.793	0.732	True	0	0	0	0	0	0	False	False	False	False	False	_	0	0	0	1	[e::h,]	[e::h,]	eh
59	TO083	163.766	165.055	1.289	True	0	0	0	0	0	0	False	False	False	False	False	_	0	0	0	5	la cucina perché si mangia.	la cucina perché si mangia.	la cucina perché si mangia
60	TO999	165.331	165.935	0.604	True	0	0	0	0	0	0	False	False	False	False	False	_	0	0	0	1	okay,	okay,	okay
61	TO999	166.686	170.011	3.325	True	0	0	0	0	0	0	False	False	False	False	False	_	0	0	0	12	e quindi cosa deve avere per te una cucina: cioè [quali xx,]	e quindi cosa deve avere per te una cucina: cioè [quali xx,]	e quindi cosa deve avere per te una cucina cioè quali xx
62	TO083	169.251	170.046	0.795	True	0	0	0	0	0	0	False	False	False	False	False	_	0	0	0	2	[la luce,]	[la luce,]	la luce
63	TO999	170.435	170.876	0.441	True	0	0	0	0	0	0	False	False	False	False	False	_	0	0	0	1	okay,	okay,	okay
64	TO083	171.653	172.831	1.178	True	0	0	0	0	0	0	False	False	False	False	False	_	0	0	0	3	e:: il bollitore,	e:: il bollitore,	e il bollitore
65	TO083	173.405	174.966	1.561	True	0	0	0	0	0	0	False	False	False	False	False	_	0	0	0	5	perché: mi sfondo di tisane.	perché: mi sfondo di tisane.	perché mi sfondo di tisane
66	TO083	175.898	177.61	1.712	True	0	0	0	0	0	0	False	False	False	False	False	_	0	0	0	1	e:::h,	e:::h,	eh
67	TO083	178.708	179.228	0.52	True	0	0	0	0	0	0	False	False	False	False	False	_	0	0	0	1	basta.	basta.	basta
68	TO999	180.978	181.633	0.655	True	0	0	0	0	0	0	False	False	False	False	False	_	1	0	0	2	e (.) okay.	e {P} okay.	e {P} okay
69	TO999	181.688	184.536	2.848	True	1	0	0	1	0	0	False	False	False	False	False	_	0	1	1	10	quindi tu hai sempre vissuto a ((*nomepaese))? non vivi a torino,	quindi tu hai sempre vissuto a {nomepaese} ? non vivi a torino,	quindi tu hai sempre vissuto a {nomepaese} ? non vivi a torino
70	TO083	184.94	191.144	6.204	True	0	0	0	0	0	0	False	False	False	False	True	72=0.001,71=0.356	0	0	0	22	no non è vero m:::h adesso a~ abito a torino solo c[he ho] cambiato tante case da studentessa quindi non ho un,	no non è vero m:::h adesso a~ abito a torino solo c[he ho] cambiato tante case da studentessa quindi non ho un,	no non è vero mh adesso a~ abito a torino solo che ho cambiato tante case da studentessa quindi non ho un
71	TO999	188.225	188.581	0.356	True	0	0	0	0	0	0	False	False	False	False	False	_	0	0	0	1	[ah.]	[ah.]	ah
72	TO999	191.143	195.221	4.078	True	0	0	0	0	0	0	False	False	False	False	True	70=0.001,73=1.645	0	0	0	14	ah okay e parlami un po' delle case dove hai vissuto [xx xx xxnte.]	ah okay e parlami un po' delle case dove hai vissuto [xx xx xxnte.]	ah okay e parlami un po' delle case dove hai vissuto xx xx xxnte
73	TO083	193.558	195.203	1.645	True	0	0	0	0	0	0	False	False	False	False	False	_	0	0	0	5	[le case dove ho vissuto,]	[le case dove ho vissuto,]	le case dove ho vissuto
74	TO083	195.258	195.805	0.547	True	0	0	0	0	0	0	False	False	False	False	False	_	0	0	0	1	allora,	allora,	allora
75	TO083	196.566	197.841	1.275	True	0	0	0	0	0	0	False	False	False	False	False	_	0	0	0	4	e: il primo anno,	e: il primo anno,	e il primo anno
76	TO083	198.001	200.136	2.135	True	0	0	0	0	0	0	False	False	False	False	False	_	0	0	0	6	a torino ho vissuto in casa,	a torino ho vissuto in casa,	a torino ho vissuto in casa
77	TO083	200.783	205.82	5.037	True	0	0	0	0	0	0	False	False	False	False	False	_	0	0	0	14	e::h co:n m:h mh eh due ragazze di cu[neo che] erano due universitarie sorelle,	e::h co:n m:h mh eh due ragazze di cu[neo che] erano due universitarie sorelle,	eh con mh mh eh due ragazze di cuneo che erano due universitarie sorelle
78	TO999	203.766	204.28	0.514	True	0	0	0	0	0	0	False	False	False	False	False	_	0	0	0	1	[mhmh,]	[mhmh,]	mhmh
79	TO083	206.206	209.177	2.971	True	0	0	0	0	0	0	False	False	False	False	False	_	0	0	0	11	loro erano le proprietarie della casa e mi affittavano una [camera].	loro erano le proprietarie della casa e mi affittavano una [camera].	loro erano le proprietarie della casa e mi affittavano una camera
80	TO999	208.708	209.185	0.477	True	0	0	0	0	0	0	False	False	False	False	False	_	0	0	0	1	[mhmh,]	[mhmh,]	mhmh
81	TO083	209.565	214.668	5.103	True	0	0	0	0	0	0	False	False	False	False	False	_	0	0	0	12	la camera era già arredata con quadri di anne geddes abbastanza insopportabili.	la camera era già arredata con quadri di anne geddes abbastanza insopportabili.	la camera era già arredata con quadri di anne geddes abbastanza insopportabili
82	TO083	215.038	216.2	1.162	True	0	0	0	0	0	0	False	False	False	False	False	_	0	0	0	3	però: io vabbè,	però: io vabbè,	però io vabbè
83	TO999	216.2	217.255	1.055	True	0	0	0	0	0	0	False	False	False	False	False	_	0	0	0	6	ma chi è quella dei bambi[ni?]	ma chi è quella dei bambi[ni?]	ma chi è quella dei bambini
84	TO083	217.105	218.165	1.06	True	0	0	0	0	0	0	False	False	False	False	False	_	0	0	0	4	[s]ì quella dei bambini.	[s]ì quella dei bambini.	sì quella dei bambini
85	TO083	218.366	224.13	5.764	True	0	0	0	0	0	0	False	False	False	False	False	_	0	0	0	12	era verde shocking co:n con=mh ste:: le mh questi bambini appesi,	era verde shocking co:n con=mh ste:: le mh questi bambini appesi,	era verde shocking con con mh ste le mh questi bambini appesi
86	TO083	224.413	226.666	2.253	True	0	0	0	0	0	0	False	False	False	False	False	_	0	0	0	10	cioè cose che io non avrei scelto mai nella vita.	cioè cose che io non avrei scelto mai nella vita.	cioè cose che io non avrei scelto mai nella vita
87	TO999	226.805	227.048	0.243	True	0	0	0	0	0	0	False	False	False	False	False	_	0	0	0	1	beh,	beh,	beh
88	TO083	227.391	231.833	4.442	True	0	0	0	0	0	0	False	False	False	False	False	_	0	0	0	16	però però mi ero affezionata poi anche perché era la mia prima camera da universitaria quindi,	però però mi ero affezionata poi anche perché era la mia prima camera da universitaria quindi,	però però mi ero affezionata poi anche perché era la mia prima camera da universitaria quindi
89	TO083	231.85	233.008	1.158	True	0	0	0	0	0	0	False	False	False	False	False	_	0	0	0	4	mi emozionava l' idea.	mi emozionava l' idea.	mi emozionava l' idea
90	TO083	233.405	236.418	3.013	True	0	0	0	0	0	0	False	False	False	False	False	_	0	0	0	7	un materasso <scomossimo> una roba proprio illegale.	un materasso <scomossimo> una roba proprio illegale.	un materasso scomossimo una roba proprio illegale
91	TO083	237.351	238.726	1.375	True	0	0	0	0	0	0	False	False	False	False	False	_	0	0	0	2	e::h=mh,	e::h=mh,	eh mh
92	TO083	238.903	244.636	5.733	True	0	0	0	0	0	0	False	False	False	False	False	_	0	0	0	20	ma quella casa in realtà ero stat~ cioè benissimo anche perché era il primo anno ero molto timida poi ripensandoci,	ma quella casa in realtà ero stat~ cioè benissimo anche perché era il primo anno ero molto timida poi ripensandoci,	ma quella casa in realtà ero stat~ cioè benissimo anche perché era il primo anno ero molto timida poi ripensandoci
93	TO083	244.99	248.755	3.765	True	0	0	0	0	0	0	False	False	False	False	False	_	0	0	0	13	per essere che comunque pagavo l' affitto della camera mi sentivo molto ospite.	per essere che comunque pagavo l' affitto della camera mi sentivo molto ospite.	per essere che comunque pagavo l' affitto della camera mi sentivo molto ospite
94	TO083	249.026	251.176	2.15	True	0	0	0	0	0	0	False	False	False	False	False	_	0	0	0	5	cioè: quando invitavo il fidanzato,	cioè: quando invitavo il fidanzato,	cioè quando invitavo il fidanzato
95	TO083	251.67	259.38	7.71	True	0	0	0	0	0	0	False	False	False	False	False	_	0	0	0	32	mi veniva sempre da chiedere il permesso quasi come se lo chiedessi a dei genitori per il fatto che loro [erano] le proprietarie poi erano sorelle quindi mi sentivo sempre un po'	mi veniva sempre da chiedere il permesso quasi come se lo chiedessi a dei genitori per il fatto che loro [erano] le proprietarie poi erano sorelle quindi mi sentivo sempre un po'	mi veniva sempre da chiedere il permesso quasi come se lo chiedessi a dei genitori per il fatto che loro erano le proprietarie poi erano sorelle quindi mi sentivo sempre un po'
96	TO999	255.911	256.351	0.44	True	0	0	0	0	0	0	False	False	False	False	False	_	0	0	0	1	[certo.]	[certo.]	certo
97	TO083	259.84	261.276	1.436	True	0	0	0	0	0	0	False	False	False	False	False	_	0	0	0	5	poi invece il secondo anno,	poi invece il secondo anno,	poi invece il secondo anno
98	TO083	261.743	264.276	2.533	True	0	0	0	0	0	0	False	False	False	False	False	_	0	0	0	12	ero andata a vivere in una casa che ho amato alla follia,	ero andata a vivere in una casa che ho amato alla follia,	ero andata a vivere in una casa che ho amato alla follia
99	TO083	264.711	265.473	0.762	True	0	0	0	0	0	0	False	False	False	False	False	_	0	0	0	3	in corso regina,	in corso regina,	in corso regina
100	TO083	266.36	268.51	2.15	True	0	0	0	0	0	0	False	False	False	False	False	_	0	0	0	7	co:n la sorella del mio ex fidanzato.	co:n la sorella del mio ex fidanzato.	con la sorella del mio ex fidanzato
101	TO999	268.979	269.498	0.519	True	0	0	0	0	0	0	False	False	False	False	False	_	0	0	0	1	okay.	okay.	okay
102	TO083	269.868	270.75	0.882	True	0	0	0	0	0	0	False	False	False	False	False	_	0	0	0	3	eravamo in due,	eravamo in due,	eravamo in due
103	TO083	271.61	272.5	0.89	True	0	0	0	0	0	0	False	False	False	False	False	_	0	0	0	2	c' e:ra:,	c' e:ra:,	c' era
104	TO083	272.698	274.781	2.083	True	0	0	0	0	0	0	False	False	False	False	False	_	0	0	0	4	e::h=mh la sala,	e::h=mh la sala,	eh mh la sala
105	TO083	275.068	277.833	2.765	True	0	0	0	0	0	0	False	False	False	False	False	_	0	0	0	8	poi camera mia tutta gialla bella molto allegra.	poi camera mia tutta gialla bella molto allegra.	poi camera mia tutta gialla bella molto allegra
106	TO083	278.103	280.046	1.943	True	0	0	0	0	0	0	False	False	False	False	False	_	0	0	0	6	molto luminosa con un piccolo balcone,	molto luminosa con un piccolo balcone,	molto luminosa con un piccolo balcone
107	TO083	280.85	282.621	1.771	True	0	0	0	0	0	0	False	False	False	False	False	_	0	0	0	10	e poi la cosa che mi piaceva più di tutti,	e poi la cosa che mi piaceva più di tutti,	e poi la cosa che mi piaceva più di tutti
108	TO083	282.678	283.345	0.667	True	0	0	0	0	0	0	False	False	False	False	False	_	0	0	0	2	la sala,	la sala,	la sala
109	TO083	283.488	285.991	2.503	True	0	0	0	0	0	0	False	False	False	False	False	_	0	0	0	8	aveva un balconcino che dava sul cortile interno,	aveva un balconcino che dava sul cortile interno,	aveva un balconcino che dava sul cortile interno
110	TO999	286.25	286.591	0.341	True	0	0	0	0	0	0	False	False	False	False	False	_	0	0	0	1	mhmh,	mhmh,	mhmh
111	TO083	286.763	290.363	3.6	True	0	0	0	0	0	0	False	False	False	False	False	_	0	0	0	11	e io sono un' appassionata dei cortili interni perché mi piace::,	e io sono un' appassionata dei cortili interni perché mi piace::,	e io sono un' appassionata dei cortili interni perché mi piace
112	TO083	291.061	294.255	3.194	True	0	0	0	0	0	0	False	False	False	False	False	_	0	0	0	10	quel sapore tipo di italianità che c' è quando senti:,	quel sapore tipo di italianità che c' è quando senti:,	quel sapore tipo di italianità che c' è quando senti
113	TO083	294.48	297.333	2.853	True	0	0	0	0	0	0	False	False	False	False	False	_	0	0	0	11	i rumore dei piatti all' ora di pranzo dalle altre case,	i rumore dei piatti all' ora di pranzo dalle altre case,	i rumore dei piatti all' ora di pranzo dalle altre case
114	TO083	297.571	300.54	2.969	True	0	0	0	0	0	0	False	False	False	False	True	115=0.942	0	0	0	9	o magari senti la gente che litiga mi mette:,	o magari senti la gente che litiga mi mette:,	o magari senti la gente che litiga mi mette
115	TO999	299.598	300.54	0.942	True	0	0	0	0	0	0	False	False	False	False	True	114=0.942	0	1	0	0	((ride))	{ride}	{ride}
116	TO083	300.905	302.085	1.18	True	0	0	0	0	0	0	False	False	False	False	False	_	0	0	0	4	non so mi piace.	non so mi piace.	non so mi piace
117	TO999	302.085	302.965	0.88	True	0	0	0	0	0	0	False	False	False	False	False	_	0	0	0	2	certo certo.	certo certo.	certo certo
118	TO083	303.168	310.516	7.348	True	0	0	0	0	0	0	False	False	False	False	False	_	0	0	0	22	e::h e noi mangiavamo spesso d' estate su quel balconcino che in realtà era brutto e oggettivamente però io ero affezionata molto.	e::h e noi mangiavamo spesso d' estate su quel balconcino che in realtà era brutto e oggettivamente però io ero affezionata molto.	eh e noi mangiavamo spesso d' estate su quel balconcino che in realtà era brutto e oggettivamente però io ero affezionata molto
119	TO083	311.4	314.144	2.744	True	0	0	0	0	0	0	False	False	False	False	False	_	0	0	0	12	e poi adesso abito da mia nonna è molto triste la cosa.	e poi adesso abito da mia nonna è molto triste la cosa.	e poi adesso abito da mia nonna è molto triste la cosa
120	TO999	314.8	315.458	0.658	True	0	0	0	0	0	0	False	False	False	False	False	_	0	0	0	1	capito.	capito.	capito
121	TO999	315.583	317.735	2.152	True	0	0	0	0	0	0	False	False	False	False	False	_	0	0	0	4	e sei lì tutto[:::,]	e sei lì tutto[:::,]	e sei lì tutto
122	TO083	316.97	320.911	3.941	True	0	0	0	0	0	0	False	False	False	False	False	_	0	0	0	13	[tutto perfetto] tutto ordinatissimo tutto bello però no non [mi sento a casa.]	[tutto perfetto] tutto ordinatissimo tutto bello però no non [mi sento a casa.]	tutto perfetto tutto ordinatissimo tutto bello però no non mi sento a casa
123	TO999	319.955	321.088	1.133	True	0	0	0	0	0	0	False	False	False	False	False	_	0	0	0	5	[hai una tua stanza l]ì?	[hai una tua stanza l]ì?	hai una tua stanza lì
124	TO083	321.56	324.643	3.083	True	0	0	0	0	0	0	False	False	False	False	False	_	0	0	0	12	sì ho una mia stanza però non la sento camera mia cioè,	sì ho una mia stanza però non la sento camera mia cioè,	sì ho una mia stanza però non la sento camera mia cioè
125	TO083	324.811	328.608	3.797	True	0	0	0	0	0	0	False	False	False	False	False	_	0	0	0	15	è un posto dove posso dormire nessuno mi disturba però no:n non è camera mia.	è un posto dove posso dormire nessuno mi disturba però no:n non è camera mia.	è un posto dove posso dormire nessuno mi disturba però non non è camera mia
126	TO999	328.741	330.811	2.07	True	0	0	0	0	0	0	False	False	False	False	False	_	0	0	0	10	certo. e il posto più bello in cui hai vissuto?	certo. e il posto più bello in cui hai vissuto?	certo e il posto più bello in cui hai vissuto
127	TO083	332.821	338.268	5.447	True	0	0	0	0	0	0	False	False	False	False	False	_	0	0	0	13	e::h la casa:: dove abitavo: coi miei genitori quando eravamo::: prima del divorzio.	e::h la casa:: dove abitavo: coi miei genitori quando eravamo::: prima del divorzio.	eh la casa dove abitavo coi miei genitori quando eravamo prima del divorzio
128	TO083	339.278	340.77	1.492	True	0	0	0	0	0	0	False	False	False	False	False	_	0	0	0	3	era un appartamento,	era un appartamento,	era un appartamento
129	TO083	340.956	342.128	1.172	True	0	0	0	0	0	0	False	False	False	False	False	_	0	0	0	3	all' ultimo piano,	all' ultimo piano,	all' ultimo piano
130	TO083	342.385	344.395	2.01	True	0	0	0	1	0	0	False	False	False	False	False	_	0	1	0	5	a ((*nomepaese)) con una vista bellissima.	a {nomepaese} con una vista bellissima.	a {nomepaese} con una vista bellissima
131	TO083	344.445	346.005	1.56	True	0	0	0	0	0	0	False	False	False	False	False	_	0	0	0	7	la cosa più bella era la vista.	la cosa più bella era la vista.	la cosa più bella era la vista
132	TO083	346.335	348.28	1.945	True	0	0	0	0	0	0	False	False	False	False	False	_	0	0	0	8	su tutta la città si vedeva il mare,	su tutta la città si vedeva il mare,	su tutta la città si vedeva il mare
133	TO083	348.583	354.14	5.557	True	0	0	0	1	0	0	False	False	False	False	False	_	0	1	0	26	poi essendo che ((*nomepaese)) è in collina da quasi tutte le case in realtà c' è una bella vista ma quella in particolare c' era un terrazzo,	poi essendo che {nomepaese} è in collina da quasi tutte le case in realtà c' è una bella vista ma quella in particolare c' era un terrazzo,	poi essendo che {nomepaese} è in collina da quasi tutte le case in realtà c' è una bella vista ma quella in particolare c' era un terrazzo
134	TO083	354.394	356.556	2.162	True	0	0	0	0	0	0	False	False	False	False	False	_	0	0	0	4	mangiavamo sempre sul terrazzo:,	mangiavamo sempre sul terrazzo:,	mangiavamo sempre sul terrazzo
135	TO083	357.063	358.286	1.223	True	0	0	0	0	0	0	False	False	False	False	False	_	0	0	0	4	e mi ricordo proprio,	e mi ricordo proprio,	e mi ricordo proprio
136	TO083	359.15	361.918	2.768	True	0	0	0	0	0	0	False	False	False	False	False	_	0	0	0	9	la <luce> di quella casa le atmosfere per~ mh,	la <luce> di quella casa le atmosfere per~ mh,	la luce di quella casa le atmosfere per~ mh
137	TO999	361.98	363.118	1.138	True	0	0	0	0	0	0	False	False	False	False	False	_	0	0	0	4	(ti) [piace la liguria?]	(ti) [piace la liguria?]	ti piace la liguria
138	TO083	362.066	363.101	1.035	True	0	0	0	0	0	0	False	False	False	False	False	_	0	0	0	3	[in realtà: sì.]	[in realtà: sì.]	in realtà sì
139	TO083	363.57	364.18	0.61	True	0	0	0	0	0	0	False	False	False	False	False	_	0	0	0	1	tanto.	tanto.	tanto
140	TO083	364.606	365.023	0.417	True	0	0	0	0	0	0	False	False	False	False	False	_	0	0	0	1	tanto.	tanto.	tanto
141	TO083	365.446	366.622	1.176	True	0	0	0	0	0	0	False	False	False	False	False	_	0	0	0	5	non mi piacciono i liguri,	non mi piacciono i liguri,	non mi piacciono i liguri
142	TO083	366.67	367.641	0.971	True	0	0	0	0	0	0	False	False	False	False	False	_	0	0	0	5	però mi piace la liguria.	però mi piace la liguria.	però mi piace la liguria
143	TO999	367.918	368.81	0.892	True	0	0	0	0	0	0	False	False	False	False	False	_	0	0	0	4	perché non ti piacciono?	perché non ti piacciono?	perché non ti piacciono
144	TO083	369.273	374.305	5.032	True	0	0	0	0	0	0	False	False	False	False	False	_	0	0	0	15	perché sono <chiusi> gli imperiesi son tremendi sono chiusi è quasi impossibile fare amicizia oppure,	perché sono <chiusi> gli imperiesi son tremendi sono chiusi è quasi impossibile fare amicizia oppure,	perché sono chiusi gli imperiesi son tremendi sono chiusi è quasi impossibile fare amicizia oppure
145	TO083	374.665	377.266	2.601	True	0	0	0	0	0	0	False	False	False	False	False	_	0	0	0	6	immettere qualcuno di nuovo nel gruppo.	immettere qualcuno di nuovo nel gruppo.	immettere qualcuno di nuovo nel gruppo
146	TO083	378.331	379.411	1.08	True	0	0	0	0	0	0	False	False	False	False	False	_	0	0	0	2	e:h=mh,	e:h=mh,	eh mh
147	TO083	379.565	381.411	1.846	True	0	0	0	0	0	0	False	False	False	False	True	148=0.001	0	0	0	7	hanno l' accento più noioso del mondo,	hanno l' accento più noioso del mondo,	hanno l' accento più noioso del mondo
148	TO999	381.41	382.818	1.408	True	0	0	0	0	0	0	False	False	False	False	True	147=0.001	0	1	0	1	((ride)) perché?	{ride} perché?	{ride} perché
149	TO083	383.355	384.481	1.126	True	1	0	0	1	0	0	False	False	False	False	False	_	0	1	1	2	sono di ((*nomepaese)).	sono di {nomepaese} .	sono di {nomepaese} .
150	TO083	385.05	386.344	1.294	True	0	0	0	0	0	0	False	False	False	False	False	_	0	0	0	5	na na na na na.	na na na na na.	na na na na na
151	TO083	386.546	394.691	8.145	True	0	0	0	0	0	0	False	False	False	False	False	_	0	0	0	28	poi cioè uno può essere anche il più brillante battutista della storia ma se ha l' accento ligure non può funziona~ cioè l' accento imperiese: sì smorza tutto.	poi cioè uno può essere anche il più brillante battutista della storia ma se ha l' accento ligure non può funziona~ cioè l' accento imperiese: sì smorza tutto.	poi cioè uno può essere anche il più brillante battutista della storia ma se ha l' accento ligure non può funziona~ cioè l' accento imperiese sì smorza tutto
152	TO083	394.95	396.3	1.35	True	0	0	0	0	0	0	False	False	False	False	False	_	0	0	0	3	tutto calante proprio.	tutto calante proprio.	tutto calante proprio
153	TO083	397.165	399.106	1.941	True	0	0	0	0	0	0	False	False	False	False	False	_	0	0	0	2	e::h=m::h,	e::h=m::h,	eh mh
154	TO083	399.506	402.441	2.935	True	0	0	0	0	0	0	False	False	False	False	False	_	0	0	0	9	però però la liguria è <magnifica> cioè propr~ forse,	però però la liguria è <magnifica> cioè propr~ forse,	però però la liguria è magnifica cioè propr~ forse
155	TO083	402.583	404.188	1.605	True	0	0	0	0	0	0	False	False	False	False	False	_	0	0	0	8	è una delle regioni più belle d' italia.	è una delle regioni più belle d' italia.	è una delle regioni più belle d' italia
156	TO083	404.271	405.018	0.747	True	0	0	0	0	0	0	False	False	False	False	False	_	0	0	0	3	dopo la sicilia.	dopo la sicilia.	dopo la sicilia
157	TO083	406.53	406.971	0.441	True	0	0	0	0	0	0	False	False	False	False	False	_	0	0	0	2	°per me.°	°per me.°	per me
158	TO999	407.181	407.69	0.509	True	0	0	0	0	0	0	False	False	False	False	False	_	0	0	0	1	okay.	okay.	okay
159	TO999	408.021	415.238	7.217	True	0	0	0	0	0	0	False	False	False	False	False	_	0	0	0	25	senti ma e::: invece parlando di:: torino quindi hai vissuto in un po' di zone:: diverse. qual è quella che ti è piaciuta di più?	senti ma e::: invece parlando di:: torino quindi hai vissuto in un po' di zone:: diverse. qual è quella che ti è piaciuta di più?	senti ma e invece parlando di torino quindi hai vissuto in un po' di zone diverse qual è quella che ti è piaciuta di più
160	TO083	415.35	417.66	2.31	True	0	0	0	0	0	0	False	False	False	False	False	_	0	0	0	6	beh la zona vanchiglia dell' università.	beh la zona vanchiglia dell' università.	beh la zona vanchiglia dell' università
161	TO999	417.826	418.181	0.355	True	0	0	0	0	0	0	False	False	False	False	False	_	0	0	0	1	mhmh,	mhmh,	mhmh
162	TO083	418.181	423.106	4.925	True	0	0	0	0	0	0	False	False	False	False	False	_	1	0	0	15	se potessi comprarmi una casa a torino me la comprerei in vanchiglia senza dubbio (.) perché,	se potessi comprarmi una casa a torino me la comprerei in vanchiglia senza dubbio {P} perché,	se potessi comprarmi una casa a torino me la comprerei in vanchiglia senza dubbio {P} perché
163	TO083	423.765	429.343	5.578	True	0	0	0	0	0	0	False	False	False	False	False	_	0	0	0	14	e::h è vicinissima al centro però i prezzi delle cose tipo supermercati:: cibo eccetera,	e::h è vicinissima al centro però i prezzi delle cose tipo supermercati:: cibo eccetera,	eh è vicinissima al centro però i prezzi delle cose tipo supermercati cibo eccetera
164	TO083	429.665	430.635	0.97	True	0	0	0	0	0	0	False	False	False	False	False	_	0	0	0	3	non è esagerato.	non è esagerato.	non è esagerato
165	TO083	431.383	433.622	2.239	True	0	0	0	0	0	0	False	False	False	False	False	_	0	0	0	5	è allegra: son tutti giovani,	è allegra: son tutti giovani,	è allegra son tutti giovani
166	TO083	433.825	435.24	1.415	True	0	0	0	0	0	0	False	False	False	False	False	_	0	0	0	3	comodissima coi mezzi.	comodissima coi mezzi.	comodissima coi mezzi
167	TO083	435.665	436.411	0.746	True	0	0	0	0	0	0	False	False	False	False	False	_	0	0	0	1	meravigliosa.	meravigliosa.	meravigliosa
168	TO999	436.881	439.783	2.902	True	0	0	0	0	0	0	False	False	False	False	False	_	0	0	0	13	ti piace il fatto che sia una zona <viva:> dove c' è movimen[to,]	ti piace il fatto che sia una zona <viva:> dove c' è movimen[to,]	ti piace il fatto che sia una zona viva dove c' è movimento
169	TO083	439.631	445.8	6.169	True	0	0	0	0	0	0	False	False	False	False	False	_	0	0	0	23	[s]ì a~ io adoro torino per questo motivo anche perché appunto venendo da: la liguria in cui l' età media è novantacinque anni,	[s]ì a~ io adoro torino per questo motivo anche perché appunto venendo da: la liguria in cui l' età media è novantacinque anni,	sì a~ io adoro torino per questo motivo anche perché appunto venendo da la liguria in cui l' età media è novantacinque anni
170	TO083	446.211	448.028	1.817	True	0	0	0	0	0	0	False	False	False	False	False	_	0	0	0	7	e:h cioè qua è un' altra cosa.	e:h cioè qua è un' altra cosa.	eh cioè qua è un' altra cosa
171	TO083	448.673	452.203	3.53	True	0	0	0	0	0	0	False	False	False	False	False	_	1	0	0	14	cioè all' inizio ero proprio emozionata cioè andare in giro (.) e vedere dei giovani,	cioè all' inizio ero proprio emozionata cioè andare in giro {P} e vedere dei giovani,	cioè all' inizio ero proprio emozionata cioè andare in giro {P} e vedere dei giovani
172	TO083	452.681	453.253	0.572	True	0	0	0	0	0	0	False	False	False	False	False	_	0	0	0	1	proprio,	proprio,	proprio
173	TO999	453.865	455.611	1.746	True	0	0	0	0	0	0	False	False	False	False	True	174=1.745	0	1	0	0	((ride))	{ride}	{ride}
174	TO083	453.866	459.741	5.875	True	0	0	0	1	0	0	False	False	False	False	True	173=1.745	1	1	0	23	mh mi emoziona~ cioè non ero abitua~ era sconcer~ cioè (.) a ((*nomepaese)) davvero se tu prendi l' autobus e trovi uno della tua età,	mh mi emoziona~ cioè non ero abitua~ era sconcer~ cioè {P} a {nomepaese} davvero se tu prendi l' autobus e trovi uno della tua età,	mh mi emoziona~ cioè non ero abitua~ era sconcer~ cioè {P} a {nomepaese} davvero se tu prendi l' autobus e trovi uno della tua età
175	TO083	459.935	462.728	2.793	True	0	0	0	0	0	0	False	False	False	False	False	_	0	0	0	10	lo guardi come se fosse una bestia rara tipo hey,	lo guardi come se fosse una bestia rara tipo hey,	lo guardi come se fosse una bestia rara tipo hey
176	TO083	463.163	464.621	1.458	True	0	0	0	0	0	0	False	False	False	False	False	_	0	0	0	5	anche tu su questo pianeta.	anche tu su questo pianeta.	anche tu su questo pianeta
177	TO999	464.956	465.455	0.499	True	0	0	0	0	0	0	False	False	False	False	False	_	0	0	0	1	okay,	okay,	okay
178	TO999	466.191	469.876	3.685	True	0	0	0	0	0	0	False	False	False	False	False	_	0	0	0	12	quindi vi conoscete tutti diciamo quell[i più o meno della stessa: generazione.]	quindi vi conoscete tutti diciamo quell[i più o meno della stessa: generazione.]	quindi vi conoscete tutti diciamo quelli più o meno della stessa generazione
179	TO083	468.033	471.633	3.6	True	0	0	0	0	0	0	False	False	False	False	False	_	0	0	0	12	[sì abbastanza sì abbastanza POI i]n realtà tipo della mia generazione adesso,	[sì abbastanza sì abbastanza POI i]n realtà tipo della mia generazione adesso,	sì abbastanza sì abbastanza poi in realtà tipo della mia generazione adesso
180	TO083	472.01	475.186	3.176	True	0	0	0	1	0	0	False	False	False	False	False	_	0	1	0	11	non ce n' è a ((*nomepaese)) perché sono tutti sparsi all' università::,	non ce n' è a {nomepaese} perché sono tutti sparsi all' università::,	non ce n' è a {nomepaese} perché sono tutti sparsi all' università
181	TO083	475.611	478.758	3.147	True	0	0	0	0	0	0	False	False	False	False	False	_	0	0	0	10	o: comunque a cercare lavoro da altre parti mediamente quindi,	o: comunque a cercare lavoro da altre parti mediamente quindi,	o comunque a cercare lavoro da altre parti mediamente quindi
182	TO083	479.026	482.408	3.382	True	0	0	0	1	0	0	False	False	False	False	False	_	0	1	0	11	e:h a ((*nomepaese)) non c' è la popolazione dai diciotto ai venticinque.	e:h a {nomepaese} non c' è la popolazione dai diciotto ai venticinque.	eh a {nomepaese} non c' è la popolazione dai diciotto ai venticinque
183	TO999	483.796	484.41	0.614	True	0	0	0	0	0	0	False	False	False	False	False	_	0	0	0	2	ho capito.	ho capito.	ho capito
184	TO999	484.905	488.426	3.521	True	0	0	0	0	0	0	False	False	False	False	False	_	0	0	0	14	e:h l' episodio più buffo che ti è capitato da quando vivi a torino?	e:h l' episodio più buffo che ti è capitato da quando vivi a torino?	eh l' episodio più buffo che ti è capitato da quando vivi a torino
185	TO999	488.965	491.411	2.446	True	0	0	0	0	0	0	False	False	False	False	False	_	0	0	0	5	più buffo [più strano più]::,	più buffo [più strano più]::,	più buffo più strano più
186	TO083	489.72	490.86	1.14	True	0	0	0	0	0	0	False	False	False	False	False	_	0	0	0	3	[o santo cielo.]	[o santo cielo.]	o santo cielo
187	TO083	491.985	493.558	1.573	True	0	0	0	0	0	0	False	False	False	False	False	_	0	0	0	5	questa è una domanda difficile.	questa è una domanda difficile.	questa è una domanda difficile
188	TO999	494.866	499.448	4.582	True	0	0	0	0	0	0	False	False	False	False	False	_	0	0	0	15	ma un episodio che ti è rimasto impresso una storia un po': bella diciamo xx,	ma un episodio che ti è rimasto impresso una storia un po': bella diciamo xx,	ma un episodio che ti è rimasto impresso una storia un po' bella diciamo xx
189	TO999	499.945	501.126	1.181	True	0	0	0	0	0	0	False	False	False	False	False	_	0	1	0	3	che ti ricordi. ((ride))	che ti ricordi. {ride}	che ti ricordi {ride}
190	TO083	501.255	504.083	2.828	True	0	0	0	0	0	0	False	False	False	False	False	_	0	0	0	5	o:ddio mi cogli impreparata aspetta.	o:ddio mi cogli impreparata aspetta.	oddio mi cogli impreparata aspetta
191	TO083	504.335	505.516	1.181	True	0	0	0	0	0	0	False	False	False	False	False	_	0	0	0	1	e::h,	e::h,	eh
192	TO083	507.823	509.345	1.522	True	0	0	0	0	0	0	False	False	False	False	False	_	0	0	0	6	oddio non l~ non lo so.	oddio non l~ non lo so.	oddio non l~ non lo so
193	TO083	509.783	510.677	0.894	True	0	0	0	0	0	0	False	False	False	False	True	194=0.001	0	0	0	2	difficile eh,	difficile eh,	difficile eh
194	TO999	510.676	512.991	2.315	True	0	0	0	0	0	0	False	False	False	False	True	193=0.001,195=0.625	0	0	0	7	quindi non ti succede niente [di particolare,]	quindi non ti succede niente [di particolare,]	quindi non ti succede niente di particolare
195	TO083	512.366	515.82	3.454	True	0	0	0	0	0	0	False	False	False	False	False	_	0	0	0	12	[NO NO m]e ne succede in continuazione per non adesso detto così.	[NO NO m]e ne succede in continuazione per non adesso detto così.	no no me ne succede in continuazione per non adesso detto così
196	TO083	516.525	517.477	0.952	True	0	0	0	0	0	0	False	False	False	False	False	_	0	0	0	2	e:h=mh,	e:h=mh,	eh mh
197	TO999	519.545	522.436	2.891	True	0	0	0	0	0	0	False	False	False	False	False	_	0	0	0	7	non so situazioni di coinquilinaggio un po'::,	non so situazioni di coinquilinaggio un po'::,	non so situazioni di coinquilinaggio un po'
198	TO999	523.033	524.566	1.533	True	0	0	0	0	0	0	False	False	False	False	False	_	0	0	0	3	così st[rane imbarazz~]	così st[rane imbarazz~]	così strane imbarazz~
199	TO083	523.62	528.161	4.541	True	0	0	0	0	0	0	False	False	False	False	False	_	0	0	0	17	[a:::h sì]:: o:h sì no ma non è un episodio buffo è stata una tragedia per me.	[a:::h sì]:: o:h sì no ma non è un episodio buffo è stata una tragedia per me.	ah sì oh sì no ma non è un episodio buffo è stata una tragedia per me
200	TO083	528.676	529.213	0.537	True	0	0	0	0	0	0	False	False	False	False	False	_	0	0	0	1	allora,	allora,	allora
201	TO083	529.951	533.333	3.382	True	0	0	0	0	0	0	False	False	False	False	False	_	0	0	0	10	la mia:: ex coinquilina che era la fidanzata del mio,	la mia:: ex coinquilina che era la fidanzata del mio,	la mia ex coinquilina che era la fidanzata del mio
202	TO083	533.961	534.761	0.8	True	0	0	0	0	0	0	False	False	False	False	False	_	0	0	0	2	ex fidanzato,	ex fidanzato,	ex fidanzato
203	TO083	534.905	537.436	2.531	True	0	0	0	0	0	0	False	False	False	False	False	_	0	0	0	10	no no:n la fidanzata la sorella del mio ex fidanzato.	no no:n la fidanzata la sorella del mio ex fidanzato.	no non la fidanzata la sorella del mio ex fidanzato
204	TO999	538.016	540.966	2.95	True	0	0	0	0	0	0	False	False	False	False	False	_	0	0	0	12	la tua ex coinquilina che era la sorella del tuo ex fidanzato.	la tua ex coinquilina che era la sorella del tuo ex fidanzato.	la tua ex coinquilina che era la sorella del tuo ex fidanzato
205	TO083	540.99	541.41	0.42	True	0	0	0	0	0	0	False	False	False	False	False	_	0	0	0	1	okay.	okay.	okay
206	TO083	543.063	545.073	2.01	True	0	0	0	0	0	0	False	False	False	False	False	_	0	0	0	6	era una super appassionata di gatti.	era una super appassionata di gatti.	era una super appassionata di gatti
207	TO999	545.176	545.461	0.285	True	0	0	0	0	0	0	False	False	False	False	False	_	0	0	0	1	mh.	mh.	mh
208	TO083	546.295	548.866	2.571	True	0	0	0	0	0	0	False	False	False	False	False	_	0	0	0	11	quando siamo andate a vivere insieme io le ho detto guarda,	quando siamo andate a vivere insieme io le ho detto guarda,	quando siamo andate a vivere insieme io le ho detto guarda
209	TO083	548.935	551.608	2.673	True	0	0	0	0	0	0	False	False	False	False	False	_	0	0	0	11	io posso veni~ guarda giuli posso venire ad abitare con te,	io posso veni~ guarda giuli posso venire ad abitare con te,	io posso veni~ guarda giuli posso venire ad abitare con te
210	TO083	551.991	555.677	3.686	True	0	0	0	0	0	0	False	False	False	False	False	_	0	0	0	13	però io ho paura dei gatti quindi niente gatti se tu vuoi gatti,	però io ho paura dei gatti quindi niente gatti se tu vuoi gatti,	però io ho paura dei gatti quindi niente gatti se tu vuoi gatti
211	TO083	555.975	558.923	2.948	True	0	0	0	0	0	0	False	False	False	False	False	_	0	0	0	5	andiamo:::=mh per strade diverse.	andiamo:::=mh per strade diverse.	andiamo mh per strade diverse
212	TO083	559.015	560.788	1.773	True	0	0	0	0	0	0	False	False	False	False	False	_	0	0	0	7	e ha detto no okay niente gatti.	e ha detto no okay niente gatti.	e ha detto no okay niente gatti
213	TO083	560.87	562.845	1.975	True	0	0	0	0	0	0	False	False	False	False	False	_	0	0	0	7	va bene. siamo andate a vivere insieme,	va bene. siamo andate a vivere insieme,	va bene siamo andate a vivere insieme
214	TO083	563.785	569.656	5.871	True	0	0	0	0	0	0	False	False	False	False	False	_	0	0	0	26	un anno viviamo insieme tutto bene il secondo anno lei decide no: non me ne frega niente voglio prendere un gatto. io non ero d' accordo,	un anno viviamo insieme tutto bene il secondo anno lei decide no: non me ne frega niente voglio prendere un gatto. io non ero d' accordo,	un anno viviamo insieme tutto bene il secondo anno lei decide no non me ne frega niente voglio prendere un gatto io non ero d' accordo
215	TO083	569.996	571.5	1.504	True	0	0	0	0	0	0	False	False	False	False	False	_	0	0	0	6	ma lei prende comunque sto gatto.	ma lei prende comunque sto gatto.	ma lei prende comunque sto gatto
216	TO083	571.618	571.988	0.37	True	0	0	0	0	0	0	False	False	False	False	False	_	0	0	0	2	e già,	e già,	e già
217	TO083	572.468	575.93	3.462	True	0	0	0	0	0	0	False	False	False	False	False	_	0	0	0	12	mi scocciava perché all' epoca avevo paura poi mi è passata però::,	mi scocciava perché all' epoca avevo paura poi mi è passata però::,	mi scocciava perché all' epoca avevo paura poi mi è passata però
218	TO083	576.165	579.455	3.29	True	0	0	0	0	0	0	False	False	False	False	False	_	0	0	0	7	ho avuto una pessima educazione: animalista quindi,	ho avuto una pessima educazione: animalista quindi,	ho avuto una pessima educazione animalista quindi
219	TO083	579.631	580.3	0.669	True	0	0	0	0	0	0	False	False	False	False	False	_	0	0	0	2	xx xx,	xx xx,	xx xx
220	TO083	580.886	581.888	1.002	True	0	0	0	0	0	0	False	False	False	False	False	_	0	0	0	2	ero imbarazzata.	ero imbarazzata.	ero imbarazzata
221	TO083	582.695	583.908	1.213	True	0	0	0	0	0	0	False	False	False	False	False	_	0	0	0	2	e:h=m::h,	e:h=m::h,	eh mh
222	TO083	584.033	584.953	0.92	True	0	0	0	0	0	0	False	False	False	False	False	_	0	0	0	2	niente insomma,	niente insomma,	niente insomma
223	TO083	585.858	587.605	1.747	True	0	0	0	0	0	0	False	False	False	False	False	_	0	0	0	5	e:: ha preso sto gatto,	e:: ha preso sto gatto,	e ha preso sto gatto
224	TO083	588.063	591.801	3.738	True	0	0	0	0	0	0	False	False	False	False	False	_	0	0	0	15	all' inizio ero diffidente poi in realtà era un cucciolino mi ci sono anche affezionata,	all' inizio ero diffidente poi in realtà era un cucciolino mi ci sono anche affezionata,	all' inizio ero diffidente poi in realtà era un cucciolino mi ci sono anche affezionata
225	TO083	592.431	595.733	3.302	True	0	0	0	0	0	0	False	False	False	False	False	_	1	0	0	11	e (.) visto che lei aveva il fidanzato a milano ai tempi,	e {P} visto che lei aveva il fidanzato a milano ai tempi,	e {P} visto che lei aveva il fidanzato a milano ai tempi
226	TO083	595.973	599.058	3.085	True	0	0	0	0	0	0	False	False	False	False	False	_	0	0	0	14	il weekend andava via e un weekend mi chiede se me lo può lasciare.	il weekend andava via e un weekend mi chiede se me lo può lasciare.	il weekend andava via e un weekend mi chiede se me lo può lasciare
227	TO083	600.39	601.411	1.021	True	0	0	0	0	0	0	False	False	False	False	False	_	0	0	0	5	io le dico di sì,	io le dico di sì,	io le dico di sì
228	TO083	601.755	606.396	4.641	True	0	0	0	0	0	0	False	False	False	False	False	_	1	0	0	16	tra l' altro (.) ero terrorizzata perché non avevo mai accurdito un animale manco un pesce rosso.	tra l' altro {P} ero terrorizzata perché non avevo mai accurdito un animale manco un pesce rosso.	tra l' altro {P} ero terrorizzata perché non avevo mai accurdito un animale manco un pesce rosso
229	TO083	606.906	614.811	7.905	True	0	0	0	0	0	0	False	False	False	False	True	230=0.001	0	0	0	32	mia madre l' unico animale che ha mai avuto nella sua vita è stato un pesce rosso è riuscita a bollirlo nell' acqua bollente pre~ per sbaglio mentre gli cambiava l' acqua,	mia madre l' unico animale che ha mai avuto nella sua vita è stato un pesce rosso è riuscita a bollirlo nell' acqua bollente pre~ per sbaglio mentre gli cambiava l' acqua,	mia madre l' unico animale che ha mai avuto nella sua vita è stato un pesce rosso è riuscita a bollirlo nell' acqua bollente pre~ per sbaglio mentre gli cambiava l' acqua
230	TO999	614.81	615.177	0.367	True	0	0	0	0	0	0	False	False	False	False	True	229=0.001,231=0.001	0	1	0	0	((ride))	{ride}	{ride}
231	TO083	615.176	616.958	1.782	True	0	0	0	0	0	0	False	False	False	False	True	230=0.001	0	0	0	6	forse lì sarebbe l' episodio buffo.	forse lì sarebbe l' episodio buffo.	forse lì sarebbe l' episodio buffo
232	TO999	617.346	618.266	0.92	True	0	0	0	0	0	0	False	False	False	False	True	233=0.335	0	1	0	0	((ride))	{ride}	{ride}
233	TO083	617.931	619.655	1.724	True	0	0	0	0	0	0	False	False	False	False	True	232=0.335	0	1	0	4	buffo anche lì vabbè. ((ride))	buffo anche lì vabbè. {ride}	buffo anche lì vabbè {ride}
234	TO083	620.28	622.471	2.191	True	0	0	0	0	0	0	False	False	False	False	False	_	0	0	0	6	e::h=mh insomma avevamo sto gatto,	e::h=mh insomma avevamo sto gatto,	eh mh insomma avevamo sto gatto
235	TO083	623.481	623.923	0.442	True	0	0	0	0	0	0	False	False	False	False	False	_	0	0	0	1	e:,	e:,	e
236	TO083	624.206	626.576	2.37	True	0	0	0	0	0	0	False	False	False	False	False	_	0	0	0	12	e e lei è andata via il weekend mi lascia il gatto,	e e lei è andata via il weekend mi lascia il gatto,	e e lei è andata via il weekend mi lascia il gatto
237	TO083	627.74	632.976	5.236	True	0	0	0	0	0	0	False	False	False	False	False	_	1	0	0	19	io: (.) lo curo con tutte le attenzioni di cui ero capace >ero terrorizzata cioè< come se fosse un neonato,	io: {P} lo curo con tutte le attenzioni di cui ero capace >ero terrorizzata cioè< come se fosse un neonato,	io {P} lo curo con tutte le attenzioni di cui ero capace ero terrorizzata cioè come se fosse un neonato
238	TO083	633.201	634.581	1.38	True	0	0	0	0	0	0	False	False	False	False	False	_	0	0	0	7	e a un certo punto il gatto,	e a un certo punto il gatto,	e a un certo punto il gatto
239	TO083	634.936	637.238	2.302	True	0	0	0	0	0	0	False	False	False	False	False	_	1	0	0	5	fa la pipì <sul (.) divano>.	fa la pipì <sul {P} divano>.	fa la pipì sul {P} divano
240	TO083	638.555	639.321	0.766	True	0	0	0	0	0	0	False	False	False	False	False	_	0	0	0	2	allora io,	allora io,	allora io
241	TO083	639.915	644.12	4.205	True	0	0	0	0	0	0	False	False	False	False	False	_	0	0	0	11	apro~ era sera era notte apro:: cioè smonto tutto il divano,	apro~ era sera era notte apro:: cioè smonto tutto il divano,	apro~ era sera era notte apro cioè smonto tutto il divano
242	TO083	644.476	650.422	5.946	True	0	0	0	0	0	0	False	False	False	False	False	_	0	0	0	11	stendo la roba:: m::h i teli del divano sul terrazzo della::,	stendo la roba:: m::h i teli del divano sul terrazzo della::,	stendo la roba mh i teli del divano sul terrazzo della
243	TO083	650.686	653.236	2.55	True	0	0	0	0	0	0	False	False	False	False	False	_	0	0	0	7	della cucina che dava sul cortile interno,	della cucina che dava sul cortile interno,	della cucina che dava sul cortile interno
244	TO083	655.093	658.088	2.995	True	0	0	0	0	0	0	False	False	False	False	False	_	0	0	0	9	torno in sala e non trovo più il gatto.	torno in sala e non trovo più il gatto.	torno in sala e non trovo più il gatto
245	TO083	659.121	661.916	2.795	True	0	0	0	0	0	0	False	False	False	False	False	_	0	0	0	9	allora mi viene il dubbio di aver lasciato socchiusa,	allora mi viene il dubbio di aver lasciato socchiusa,	allora mi viene il dubbio di aver lasciato socchiusa
246	TO083	662.281	664.675	2.394	True	0	0	0	0	0	0	False	False	False	False	False	_	0	0	0	5	ah io avevo lasciato aperta,	ah io avevo lasciato aperta,	ah io avevo lasciato aperta
247	TO083	664.95	668.001	3.051	True	0	0	0	0	0	0	False	False	False	False	False	_	0	0	0	12	la mia fine~ la mia porta finestra che da~ di camera mia,	la mia fine~ la mia porta finestra che da~ di camera mia,	la mia fine~ la mia porta finestra che da~ di camera mia
248	TO083	668.3	670.435	2.135	True	0	0	0	0	0	0	False	False	False	False	False	_	0	0	0	8	e avevo il dubbio di aver lasciato socchiusa,	e avevo il dubbio di aver lasciato socchiusa,	e avevo il dubbio di aver lasciato socchiusa
249	TO083	670.825	673.106	2.281	True	0	0	0	0	0	0	False	False	False	False	False	_	1	0	0	5	la: (.) <porta> di camera mia,	la: {P} <porta> di camera mia,	la {P} porta di camera mia
250	TO083	673.251	679.711	6.46	True	0	0	0	0	0	0	False	False	False	False	False	_	1	0	0	26	e quindi che questo gatto fosse uscito dalla finestra era una roba impossibile conoscendo gli ani~ cioè (.) chiunque abbia un gatto ti [dice] che è impossibile.	e quindi che questo gatto fosse uscito dalla finestra era una roba impossibile conoscendo gli ani~ cioè {P} chiunque abbia un gatto ti [dice] che è impossibile.	e quindi che questo gatto fosse uscito dalla finestra era una roba impossibile conoscendo gli ani~ cioè {P} chiunque abbia un gatto ti dice che è impossibile
251	TO999	678.901	679.186	0.285	True	0	0	0	0	0	0	False	False	False	False	False	_	0	0	0	1	[mh,]	[mh,]	mh
252	TO083	679.97	681.616	1.646	True	0	0	0	0	0	0	False	False	False	False	False	_	0	0	0	8	però a me mi è venuta questa paranoia.	però a me mi è venuta questa paranoia.	però a me mi è venuta questa paranoia
253	TO083	682.011	688.611	6.6	True	0	0	0	0	0	0	False	False	False	False	False	_	0	0	0	25	perché mi sono messa a cercare sto gatto in casa lo cerco tra l' altro ho invitato anche una mia amica per cercarlo tipo pe::r,	perché mi sono messa a cercare sto gatto in casa lo cerco tra l' altro ho invitato anche una mia amica per cercarlo tipo pe::r,	perché mi sono messa a cercare sto gatto in casa lo cerco tra l' altro ho invitato anche una mia amica per cercarlo tipo per
254	TO083	689.244	690.022	0.778	True	0	0	0	0	0	0	False	False	False	False	False	_	0	0	0	2	tre ore,	tre ore,	tre ore
255	TO083	690.535	691.355	0.82	True	0	0	0	0	0	0	False	False	False	False	False	_	0	0	0	1	ovunque.	ovunque.	ovunque
256	TO083	691.421	694.868	3.447	True	1	0	0	0	0	0	False	False	False	False	False	_	0	0	0	11	non lo trovo disperata chiamo  giulia giulia il gatto è scappato,	non lo trovo disperata chiamo giulia giulia il gatto è scappato,	non lo trovo disperata chiamo giulia giulia il gatto è scappato
257	TO083	695.086	699.485	4.399	True	1	0	0	0	0	0	False	False	False	False	False	_	0	0	0	20	io ti giuro > l' ho l' ho curato da morire mi sono stata soltando un secondo per stendere la roba,<	io ti giuro >l' ho l' ho curato da morire mi sono stata soltando un secondo per stendere la roba,<	io ti giuro l' ho l' ho curato da morire mi sono stata soltando un secondo per stendere la roba
258	TO083	699.738	706.266	6.528	True	0	0	0	0	0	0	False	False	False	False	False	_	0	0	0	27	perché aveva fatto la pipì sul divano cioè io te lo giuro: non lo so cioè io ho lasciato soltanto socchiusa un attimo la porta ma era,	perché aveva fatto la pipì sul divano cioè io te lo giuro: non lo so cioè io ho lasciato soltanto socchiusa un attimo la porta ma era,	perché aveva fatto la pipì sul divano cioè io te lo giuro non lo so cioè io ho lasciato soltanto socchiusa un attimo la porta ma era
259	TO083	706.486	709.188	2.702	True	0	0	0	0	0	0	False	False	False	False	False	_	1	0	0	7	cioè (.) in realtà non avevo niente di:::,	cioè {P} in realtà non avevo niente di:::,	cioè {P} in realtà non avevo niente di
260	TO083	709.63	712.068	2.438	True	0	0	0	0	0	0	False	False	False	False	False	_	0	0	0	8	di pericoloso però mi ero stressata da pazzi.	di pericoloso però mi ero stressata da pazzi.	di pericoloso però mi ero stressata da pazzi
261	TO083	712.725	716.213	3.488	True	0	0	0	0	0	0	False	False	False	False	False	_	2	0	0	5	giulia <reagisce (.) come (.) una furia>.	giulia <reagisce {P} come {P} una furia>.	giulia reagisce {P} come {P} una furia
262	TO083	716.768	719.311	2.543	True	0	0	0	0	0	0	False	False	False	False	False	_	0	0	0	8	mi arriva un messaggio dalla madre di giulia	mi arriva un messaggio dalla madre di giulia	mi arriva un messaggio dalla madre di giulia
263	TO083	719.786	720.738	0.952	True	0	0	0	0	0	0	False	False	False	False	False	_	0	0	0	2	che dice,	che dice,	che dice
264	TO083	721.188	722.12	0.932	True	0	0	0	0	0	0	False	False	False	False	False	_	0	0	0	2	e:h=mh,	e:h=mh,	eh mh
265	TO083	722.548	725.448	2.9	True	0	0	0	0	0	0	False	False	False	False	False	_	0	0	0	10	aspetta adesso non mi ricordo testuali parole una roba tipo:,	aspetta adesso non mi ricordo testuali parole una roba tipo:,	aspetta adesso non mi ricordo testuali parole una roba tipo
266	TO083	725.836	726.751	0.915	True	0	0	0	0	0	0	False	False	False	False	False	_	0	0	0	2	e:h=mh,	e:h=mh,	eh mh
267	TO083	727.29	728.136	0.846	True	0	0	0	0	0	0	False	False	False	False	False	_	0	0	0	2	[brutta str~]	[brutta str~]	brutta str~
268	TO999	727.322	728.923	1.601	True	0	0	0	0	0	0	False	False	False	False	False	_	0	0	0	7	[che era la madre del tuo] fidan[zato?]	[che era la madre del tuo] fidan[zato?]	che era la madre del tuo fidanzato
269	TO083	728.533	728.9	0.367	True	0	0	0	0	0	0	False	False	False	False	False	_	0	0	0	1	[sì.]	[sì.]	sì
270	TO083	729.49	731.688	2.198	True	0	0	0	0	0	0	False	False	False	False	False	_	0	0	0	3	brutta schifosa irresponsabile,	brutta schifosa irresponsabile,	brutta schifosa irresponsabile
271	TO083	732.471	734.105	1.634	True	0	0	0	0	0	0	False	False	False	False	False	_	1	0	0	3	poveri (.) i bambini.	poveri {P} i bambini.	poveri {P} i bambini
272	TO083	734.41	739.71	5.3	True	0	0	0	0	0	0	False	False	False	False	False	_	0	0	0	18	i~ si~ intendendo gli eventuali flgli che avremmo avuto <io e suo figlio> o io e qualcun altro.	i~ si~ intendendo gli eventuali flgli che avremmo avuto <io e suo figlio> o io e qualcun altro.	i~ si~ intendendo gli eventuali flgli che avremmo avuto io e suo figlio o io e qualcun altro
273	TO083	739.953	741.693	1.74	True	0	0	0	0	0	0	False	False	False	False	False	_	0	0	0	4	io crisi totale eccetera,	io crisi totale eccetera,	io crisi totale eccetera
274	TO083	742.248	750.726	8.478	True	0	0	0	0	0	0	False	False	False	False	False	_	0	0	0	25	poi ass~ faccio tutti i biglietti:: e:h=a:ppendo per tutta torino i biglietti con scrit~ e::h perso un gattino di nome dori bla bla bla,	poi ass~ faccio tutti i biglietti:: e:h=a:ppendo per tutta torino i biglietti con scrit~ e::h perso un gattino di nome dori bla bla bla,	poi ass~ faccio tutti i biglietti eh appendo per tutta torino i biglietti con scrit~ eh perso un gattino di nome dori bla bla bla
275	TO083	751.48	752.548	1.068	True	0	0	0	0	0	0	False	False	False	False	False	_	0	0	0	4	e poi alla fine,	e poi alla fine,	e poi alla fine
276	TO083	753.823	758.025	4.202	True	0	0	0	0	0	0	False	False	False	False	False	_	1	0	0	14	è venuto eh il mio: (.) quello che allora era già il mio ex fidanzato,	è venuto eh il mio: {P} quello che allora era già il mio ex fidanzato,	è venuto eh il mio {P} quello che allora era già il mio ex fidanzato
277	TO999	758.511	759.91	1.399	True	0	0	0	0	0	0	False	False	False	False	False	_	0	0	0	3	ma perché [xxx,]	ma perché [xxx,]	ma perché xxx
278	TO083	759.265	760.495	1.23	True	0	0	0	0	0	0	False	False	False	False	False	_	0	0	0	5	[che però eravam] rimasti amici.	[che però eravam] rimasti amici.	che però eravam rimasti amici
279	TO999	761.016	761.244	0.228	True	0	0	0	0	0	0	False	False	False	False	False	_	0	0	0	1	okay.	okay.	okay
280	TO083	761.255	761.422	0.167	True	0	0	0	0	0	0	False	False	False	False	False	_	0	0	0	1	sì.	sì.	sì
281	TO083	762.001	763.675	1.674	True	0	0	0	0	0	0	False	False	False	False	False	_	0	0	0	8	è venuto anche lui a cercarlo in casa,	è venuto anche lui a cercarlo in casa,	è venuto anche lui a cercarlo in casa
282	TO083	764.136	766.586	2.45	True	0	0	0	0	0	0	False	False	False	False	False	_	0	0	0	7	e lo trova <nascosto> dentro il divano,	e lo trova <nascosto> dentro il divano,	e lo trova nascosto dentro il divano
283	TO083	766.905	772.944	6.039	True	0	0	0	0	0	0	False	False	False	False	False	_	0	0	0	20	perché mentre avevo smontato le robe lui il gatto si era <infilato> all' interno del divano in qualche anfratto buio,	perché mentre avevo smontato le robe lui il gatto si era <infilato> all' interno del divano in qualche anfratto buio,	perché mentre avevo smontato le robe lui il gatto si era infilato all' interno del divano in qualche anfratto buio
284	TO083	773.393	778.466	5.073	True	0	0	0	0	0	0	False	False	False	False	False	_	0	0	0	16	e nonostante io l' avessi chiamato per ore ore ore avessi(mo) assoldato una squadra di ricerca,	e nonostante io l' avessi chiamato per ore ore ore avessi(mo) assoldato una squadra di ricerca,	e nonostante io l' avessi chiamato per ore ore ore avessimo assoldato una squadra di ricerca
285	TO083	778.711	782.183	3.472	True	0	0	0	0	0	0	False	False	False	False	False	_	0	0	0	14	non >(l' avevam)< trovato. e quindi poi: è stato una storia a lieto fine.	non >(l' avevam)< trovato. e quindi poi: è stato una storia a lieto fine.	non l' avevam trovato e quindi poi è stato una storia a lieto fine
286	TO083	782.55	789.611	7.061	True	0	0	0	0	0	0	False	False	False	False	False	_	1	0	0	23	però:: cioè: mh e~ era stato una trage~ sì cioè nel senso non mi son mai sentita così accusata (.) giulia che mi dice,	però:: cioè: mh e~ era stato una trage~ sì cioè nel senso non mi son mai sentita così accusata {P} giulia che mi dice,	però cioè mh e~ era stato una trage~ sì cioè nel senso non mi son mai sentita così accusata {P} giulia che mi dice
287	TO083	789.658	796.976	7.318	True	0	0	0	0	0	0	False	False	False	False	False	_	0	0	0	14	e::h=muori per me sei morta e:h=m:::h=insulti alla famiglia cioè delle robe:,	e::h=muori per me sei morta e:h=m:::h=insulti alla famiglia cioè delle robe:,	eh muori per me sei morta eh mh insulti alla famiglia cioè delle robe
288	TO083	797.711	798.966	1.255	True	0	0	0	0	0	0	False	False	False	False	False	_	0	0	0	3	pazzesche qu[esto è,]	pazzesche qu[esto è,]	pazzesche questo è
289	TO999	798.516	800.155	1.639	True	0	0	0	0	0	0	False	False	False	False	True	288=0.450,290=0.005	0	0	0	6	[non siete] più rimasti amici poi?	[non siete] più rimasti amici poi?	non siete più rimasti amici poi
290	TO083	800.15	804.185	4.035	True	0	0	0	0	0	0	False	False	False	False	True	289=0.005	0	0	0	16	allora per mesi no. cioè nel senso sono stati dei mesi di grossa tensione in casa.	allora per mesi no. cioè nel senso sono stati dei mesi di grossa tensione in casa.	allora per mesi no cioè nel senso sono stati dei mesi di grossa tensione in casa
291	TO083	804.788	807.78	2.992	True	0	0	0	0	0	0	False	False	False	False	False	_	0	0	0	11	di: cioè: no all' inizio litigio non ci siam più parlate,	di: cioè: no all' inizio litigio non ci siam più parlate,	di cioè no all' inizio litigio non ci siam più parlate
292	TO083	808.103	811.533	3.43	True	0	0	0	0	0	0	False	False	False	False	False	_	0	0	0	14	e poi: abbiamo fatto pace e poi in realtà adesso siamo in buoni rapporti.	e poi: abbiamo fatto pace e poi in realtà adesso siamo in buoni rapporti.	e poi abbiamo fatto pace e poi in realtà adesso siamo in buoni rapporti
293	TO999	811.771	812.379	0.608	True	0	0	0	0	0	0	False	False	False	False	True	294=0.608	0	1	0	0	((ride))	{ride}	{ride}
294	TO083	811.771	812.379	0.608	True	0	0	0	0	0	0	False	False	False	False	True	293=0.608	0	1	0	0	((ride))	{ride}	{ride}
295	TO083	812.853	816.771	3.918	True	0	0	0	0	0	0	False	False	False	False	False	_	1	0	0	12	però: (.) mh il terr~ mi ricordo il terrore di quella notte proprio.	però: {P} mh il terr~ mi ricordo il terrore di quella notte proprio.	però {P} mh il terr~ mi ricordo il terrore di quella notte proprio
296	TO999	817.175	818.108	0.933	True	0	0	0	0	0	0	False	False	False	False	False	_	0	1	0	0	((ride))	{ride}	{ride}
297	TO999	819.06	822.377	3.317	True	0	0	0	0	0	0	False	False	False	False	False	_	0	0	0	10	cioè vabbè rido perché è finita bene però cazzo immagino,	cioè vabbè rido perché è finita bene però cazzo immagino,	cioè vabbè rido perché è finita bene però cazzo immagino
298	TO083	822.383	823.958	1.575	True	0	0	0	0	0	0	False	False	False	False	False	_	0	0	0	4	se no finivo impiccata.	se no finivo impiccata.	se no finivo impiccata
299	TO083	824.323	826.536	2.213	True	0	0	0	0	0	0	False	False	False	False	False	_	0	0	0	7	penzolante in un albero di cors[o regina.]	penzolante in un albero di cors[o regina.]	penzolante in un albero di corso regina
300	TO999	825.85	828.0	2.15	True	1	0	0	0	0	0	False	False	False	False	True	299=0.686,301=0.112	0	0	0	11	[(no) io avrei fa]tto le valigie e  me ne sarei andata.	[(no) io avrei fa]tto le valigie e me ne sarei andata.	no io avrei fatto le valigie e me ne sarei andata
301	TO083	827.888	828.622	0.734	True	0	0	0	0	0	0	False	False	False	False	True	300=0.112,302=0.006	0	1	0	0	((ride))	{ride}	{ride}
302	TO999	828.616	829.733	1.117	True	0	0	0	0	0	0	False	False	False	False	True	301=0.006,303=0.012	0	0	0	3	(a parte che),	(a parte che),	a parte che
303	TO083	829.721	832.655	2.934	True	0	0	0	0	0	0	False	False	False	False	True	302=0.012	0	0	0	12	eh no ma la casa era quella che adoravo: che ho detto.	eh no ma la casa era quella che adoravo: che ho detto.	eh no ma la casa era quella che adoravo che ho detto
304	TO999	832.655	833.188	0.533	True	0	0	0	0	0	0	False	False	False	False	False	_	0	0	0	1	cert[o.]	cert[o.]	certo
305	TO083	833.076	834.096	1.02	True	0	0	0	0	0	0	False	False	False	False	False	_	0	0	0	4	[co]n la camera gialla.	[co]n la camera gialla.	con la camera gialla
306	TO999	835.15	837.544	2.394	True	0	0	0	0	0	0	False	False	False	False	False	_	0	0	0	11	io l' unica volta che ho vissuto con un animale ero,	io l' unica volta che ho vissuto con un animale ero,	io l' unica volta che ho vissuto con un animale ero
307	TO999	837.665	840.077	2.412	True	0	0	0	0	0	0	False	False	False	False	False	_	0	0	0	6	a gibilterra cioè anzi in [spagna.]	a gibilterra cioè anzi in [spagna.]	a gibilterra cioè anzi in spagna
308	TO083	839.416	840.353	0.937	True	0	0	0	0	0	0	False	False	False	False	False	_	0	0	0	3	[era una sci]mmia,	[era una sci]mmia,	era una scimmia
309	TO999	840.805	847.67	6.865	True	0	0	0	0	0	0	False	False	False	False	True	310=1.225	1	0	0	22	no no no era un cagnolino grosso così che puzzava come un camion dell' immondizia (.) ma piccolo così puzzava da schifo proprio.	no no no era un cagnolino grosso così che puzzava come un camion dell' immondizia {P} ma piccolo così puzzava da schifo proprio.	no no no era un cagnolino grosso così che puzzava come un camion dell' immondizia {P} ma piccolo così puzzava da schifo proprio
310	TO083	843.956	845.181	1.225	True	0	0	0	0	0	0	False	False	False	False	True	309=1.225	0	1	0	0	((ride))	{ride}	{ride}
311	TO999	847.955	853.311	5.356	True	0	0	0	0	0	0	False	False	False	False	False	_	0	0	0	15	e::: niente <praticamente:> era l' unica compagnia del mio coinquilino che era un signore di,	e::: niente <praticamente:> era l' unica compagnia del mio coinquilino che era un signore di,	e niente praticamente era l' unica compagnia del mio coinquilino che era un signore di
312	TO999	853.701	855.6	1.899	True	0	0	0	0	0	0	False	False	False	False	False	_	0	0	0	6	avrà avuto quarant' anni all' epoca.	avrà avuto quarant' anni all' epoca.	avrà avuto quarant' anni all' epoca
313	TO999	856.393	857.455	1.062	True	0	0	0	0	0	0	False	False	False	False	False	_	0	0	0	3	e:: e niente.	e:: e niente.	e e niente
314	TO999	857.6	867.865	10.265	True	0	0	0	0	0	0	False	False	False	False	False	_	0	0	0	37	e questo la domenica esce e mi fa: senti te lo lascio perché lo chiudeva sempre in balcone quando lui non c' era poi dopo un po' che ci siamo conosciuti mi fa senti te lo lascio:::,	e questo la domenica esce e mi fa: senti te lo lascio perché lo chiudeva sempre in balcone quando lui non c' era poi dopo un po' che ci siamo conosciuti mi fa senti te lo lascio:::,	e questo la domenica esce e mi fa senti te lo lascio perché lo chiudeva sempre in balcone quando lui non c' era poi dopo un po' che ci siamo conosciuti mi fa senti te lo lascio
315	TO999	868.031	870.355	2.324	True	0	0	0	0	0	0	False	False	False	False	False	_	0	0	0	10	te lo lascio qua storia simile alla tua anch' io:,	te lo lascio qua storia simile alla tua anch' io:,	te lo lascio qua storia simile alla tua anch' io
316	TO999	871.026	873.638	2.612	True	0	0	0	0	0	0	False	False	False	False	False	_	0	0	0	10	quando ero più giovane avevo proprio paura de: dei cani.	quando ero più giovane avevo proprio paura de: dei cani.	quando ero più giovane avevo proprio paura de dei cani
317	TO999	874.333	875.858	1.525	True	0	0	0	0	0	0	False	False	False	False	False	_	0	0	0	5	°adesso è tranquilla la cosa.°	°adesso è tranquilla la cosa.°	adesso è tranquilla la cosa
318	TO999	876.741	878.0	1.259	True	0	0	0	0	0	0	False	False	False	False	False	_	0	0	0	5	fa te lo lascio qua,	fa te lo lascio qua,	fa te lo lascio qua
319	TO999	878.28	883.785	5.505	True	0	0	0	0	0	0	False	False	False	False	False	_	0	0	0	19	basta che::: niente quando tu vuoi andare via la chiudi in balcone gli dici UP e lei sale su.	basta che::: niente quando tu vuoi andare via la chiudi in balcone gli dici UP e lei sale su.	basta che niente quando tu vuoi andare via la chiudi in balcone gli dici up e lei sale su
320	TO999	884.535	885.545	1.01	True	0	0	0	0	0	0	False	False	False	False	False	_	0	0	0	2	la chiamo,	la chiamo,	la chiamo
321	TO999	886.455	888.133	1.678	True	0	0	0	0	0	0	False	False	False	False	True	322=0.002	0	0	0	7	manco per il cazzo si muove questa.	manco per il cazzo si muove questa.	manco per il cazzo si muove questa
322	TO083	888.131	888.525	0.394	True	0	0	0	0	0	0	False	False	False	False	True	321=0.002	0	1	0	0	((ride))	{ride}	{ride}
323	TO999	888.975	893.822	4.847	True	0	0	0	0	0	0	False	False	False	False	False	_	0	2	0	8	((ride)) allora l' ho dovuta fregare in qualche modo, ((ride))	{ride} allora l' ho dovuta fregare in qualche modo, {ride}	{ride} allora l' ho dovuta fregare in qualche modo {ride}
324	TO999	895.101	897.533	2.432	True	0	0	0	0	0	0	False	False	False	False	False	_	0	0	0	12	però sì è un casino se non sai vivere con gli anim[ali.]	però sì è un casino se non sai vivere con gli anim[ali.]	però sì è un casino se non sai vivere con gli animali
325	TO083	897.231	898.98	1.749	True	0	0	0	0	0	0	False	False	False	False	False	_	0	0	0	6	[eh no] quando non sei abituato:,	[eh no] quando non sei abituato:,	eh no quando non sei abituato
326	TO999	900.216	903.593	3.377	True	0	0	0	0	0	0	False	False	False	False	True	328=0.002,327=0.350	0	0	0	9	quindi non ne prenderesti in una ipo[tetic]a tua casa.	quindi non ne prenderesti in una ipo[tetic]a tua casa.	quindi non ne prenderesti in una ipotetica tua casa
327	TO083	902.525	902.875	0.35	True	0	0	0	0	0	0	False	False	False	False	False	_	0	0	0	1	[no.]	[no.]	no
328	TO083	903.591	904.05	0.459	True	0	0	0	0	0	0	False	False	False	False	True	326=0.002	0	0	0	1	mai.	mai.	mai
329	TO083	904.63	910.288	5.658	True	0	0	0	0	0	0	False	False	False	False	False	_	0	0	0	20	mai io tra l' altro ho anche paura dei cani il mio fidanzato vorrebbe u:n canelupo cecoslovacco pensa un po'.	mai io tra l' altro ho anche paura dei cani il mio fidanzato vorrebbe u:n canelupo cecoslovacco pensa un po'.	mai io tra l' altro ho anche paura dei cani il mio fidanzato vorrebbe un canelupo cecoslovacco pensa un po'
330	TO999	911.158	914.13	2.972	True	0	0	0	0	0	0	False	False	False	False	False	_	0	1	0	7	(però occhio che) costa il lupo cecoslovacco. ((ride))	(però occhio che) costa il lupo cecoslovacco. {ride}	però occhio che costa il lupo cecoslovacco {ride}
331	TO083	914.276	914.895	0.619	True	0	0	0	0	0	0	False	False	False	False	False	_	0	0	0	2	sì infatti.	sì infatti.	sì infatti
332	TO083	915.04	916.506	1.466	True	0	0	0	0	0	0	False	False	False	False	False	_	0	0	0	3	per fortuna costa.	per fortuna costa.	per fortuna costa
333	TO083	917.076	919.078	2.002	True	0	0	0	0	0	0	False	False	False	False	False	_	0	0	0	7	poi non abbiamo una casa °ancora quindi,°	poi non abbiamo una casa °ancora quindi,°	poi non abbiamo una casa ancora quindi
334	TO999	919.253	922.178	2.925	True	0	0	0	0	0	0	False	False	False	False	False	_	0	0	0	7	e::: avete progetto di andare a convivere?	e::: avete progetto di andare a convivere?	e avete progetto di andare a convivere
335	TO083	922.346	922.631	0.285	True	0	0	0	0	0	0	False	False	False	False	False	_	0	0	0	1	sì.	sì.	sì
336	TO999	922.975	924.03	1.055	True	0	0	0	0	0	0	False	False	False	False	False	_	0	0	0	3	[dov]e vorreste andare?	[dov]e vorreste andare?	dove vorreste andare
337	TO083	922.975	923.288	0.313	True	0	0	0	0	0	0	False	False	False	False	False	_	0	0	0	2	[l' an~]	[l' an~]	l' an~
338	TO083	924.573	926.345	1.772	True	0	0	0	0	0	0	False	False	False	False	False	_	0	0	0	7	e bah adesso lui abita a genova,	e bah adesso lui abita a genova,	e bah adesso lui abita a genova
339	TO083	926.845	929.395	2.55	True	0	0	0	0	0	0	False	False	False	False	False	_	0	0	0	12	non so magari l' anno prossimo io vado a vivere a genova.	non so magari l' anno prossimo io vado a vivere a genova.	non so magari l' anno prossimo io vado a vivere a genova
340	TO083	929.848	931.475	1.627	True	0	0	0	0	0	0	False	False	False	False	False	_	0	0	0	6	se no in futuro solo che:,	se no in futuro solo che:,	se no in futuro solo che
341	TO083	932.156	934.988	2.832	True	0	0	0	0	0	0	False	False	False	False	False	_	0	0	0	12	col lavoro che vorremmo fare non c' è mai una stabilità quindi,	col lavoro che vorremmo fare non c' è mai una stabilità quindi,	col lavoro che vorremmo fare non c' è mai una stabilità quindi
342	TO999	935.411	939.0	3.589	True	0	0	0	0	0	0	False	False	False	False	False	_	0	1	0	15	la stabilità non c' è mai punto. [((ride)) è una cosa che a un certo punto,]	la stabilità non c' è mai punto. [{ride} è una cosa che a un certo punto,]	la stabilità non c' è mai punto {ride} è una cosa che a un certo punto
343	TO083	937.22	939.43	2.21	True	0	0	0	0	0	0	False	False	False	False	False	_	0	0	0	5	[sì però insomma in particola]:re,	[sì però insomma in particola]:re,	sì però insomma in particolare
344	TO999	939.825	943.66	3.835	True	0	0	0	0	0	0	False	False	False	False	False	_	1	0	0	15	no no sì sì però cioè (.) se ti senti di farlo lo fai e basta.	no no sì sì però cioè {P} se ti senti di farlo lo fai e basta.	no no sì sì però cioè {P} se ti senti di farlo lo fai e basta
345	TO083	943.985	947.556	3.571	True	0	0	0	0	0	0	False	False	False	False	False	_	0	0	0	15	no comunque sì vorremmo andare a convivere: eh e da una parte o dall' altra.	no comunque sì vorremmo andare a convivere: eh e da una parte o dall' altra.	no comunque sì vorremmo andare a convivere eh e da una parte o dall' altra
346	TO999	947.856	950.03	2.174	True	0	0	0	0	0	0	False	False	False	False	False	_	0	0	0	7	che bella cosa ma state già cercando?	che bella cosa ma state già cercando?	che bella cosa ma state già cercando
347	TO083	950.713	956.711	5.998	True	0	0	0	0	0	0	False	False	False	False	False	_	0	0	0	21	m::h no. no però:: adesso lui sta in una casa a genova dove abita <in una:> camera con un matrimoniale quindi,	m::h no. no però:: adesso lui sta in una casa a genova dove abita <in una:> camera con un matrimoniale quindi,	mh no no però adesso lui sta in una casa a genova dove abita in una camera con un matrimoniale quindi
348	TO083	956.956	959.578	2.622	True	0	0	0	0	0	0	False	False	False	False	False	_	0	0	0	9	se andassi a vivere l' anno prossimo andrei vivere:,	se andassi a vivere l' anno prossimo andrei vivere:,	se andassi a vivere l' anno prossimo andrei vivere
349	TO083	960.11	960.575	0.465	True	0	0	0	0	0	0	False	False	False	False	False	_	0	0	0	2	da lui.	da lui.	da lui
350	TO999	961.641	962.838	1.197	True	0	0	0	0	0	0	False	False	False	False	False	_	0	0	0	5	ma lui è anche attore?	ma lui è anche attore?	ma lui è anche attore
351	TO083	963.605	963.873	0.268	True	0	0	0	0	0	0	False	False	False	False	False	_	0	0	0	1	sì.	sì.	sì
352	TO083	965.288	966.343	1.055	True	0	0	0	0	0	0	False	False	False	False	False	_	0	1	0	3	più di me. ((ride))	più di me. {ride}	più di me {ride}
353	TO999	966.601	967.65	1.049	True	0	0	0	0	0	0	False	False	False	False	False	_	0	0	0	4	più di te perché?	più di te perché?	più di te perché
354	TO083	967.866	968.733	0.867	True	0	0	0	0	0	0	False	False	False	False	False	_	0	0	0	4	chè è più bravo.	chè è più bravo.	chè è più bravo
355	TO999	969.846	973.166	3.32	True	0	0	0	0	0	0	False	False	False	False	True	356=0.451	0	1	0	15	m:h non lo so ((ride)) cioè anche se io lo sapessi non lo saprei dire quindi,	m:h non lo so {ride} cioè anche se io lo sapessi non lo saprei dire quindi,	mh non lo so {ride} cioè anche se io lo sapessi non lo saprei dire quindi
356	TO083	972.7	973.151	0.451	True	0	0	0	0	0	0	False	False	False	False	True	355=0.451	0	1	0	0	((ride))	{ride}	{ride}
357	TO999	973.731	974.606	0.875	True	0	0	0	0	0	0	False	False	False	False	False	_	0	0	0	1	e::h,	e::h,	eh
358	TO999	974.845	981.755	6.91	True	0	0	0	0	0	0	False	False	False	False	False	_	1	0	0	21	senti e quindi la tua casa ideale come sarebbe cioè proprio (.) da: zo:na città[: come è f]atta dentro alle stan~ tutto.	senti e quindi la tua casa ideale come sarebbe cioè proprio {P} da: zo:na città[: come è f]atta dentro alle stan~ tutto.	senti e quindi la tua casa ideale come sarebbe cioè proprio {P} da zona città come è fatta dentro alle stan~ tutto
359	TO083	979.465	980.031	0.566	True	0	0	0	0	0	0	False	False	False	False	False	_	0	0	0	1	[mhmh,]	[mhmh,]	mhmh
360	TO083	981.766	984.233	2.467	True	0	0	0	0	0	0	False	False	False	False	False	_	0	0	0	9	praticamente è un' intervista per una rivista di architettura.	praticamente è un' intervista per una rivista di architettura.	praticamente è un' intervista per una rivista di architettura
361	TO999	984.301	984.54	0.239	True	0	0	0	0	0	0	False	False	False	False	False	_	0	0	0	1	sì.	sì.	sì
362	TO999	984.63	985.538	0.908	True	0	0	0	0	0	0	False	False	False	False	False	_	0	0	0	2	praticamente sì.	praticamente sì.	praticamente sì
363	TO083	985.66	987.122	1.462	True	0	0	0	0	0	0	False	False	False	False	False	_	0	0	0	7	okay la mia casa ideale è così.	okay la mia casa ideale è così.	okay la mia casa ideale è così
364	TO083	987.236	988.988	1.752	True	0	0	0	0	0	0	False	False	False	False	True	365=0.002	0	0	0	5	vista mar~ allora sulla spiaggia.	vista mar~ allora sulla spiaggia.	vista mar~ allora sulla spiaggia
365	TO999	988.986	989.488	0.502	True	0	0	0	0	0	0	False	False	False	False	True	364=0.002	0	0	0	1	mh,	mh,	mh
366	TO083	991.296	992.555	1.259	True	0	0	0	0	0	0	False	False	False	False	False	_	0	0	0	2	enormi finestre,	enormi finestre,	enormi finestre
367	TO999	992.776	993.083	0.307	True	0	0	0	0	0	0	False	False	False	False	False	_	0	0	0	1	mh,	mh,	mh
368	TO083	993.545	994.568	1.023	True	0	0	0	0	0	0	False	False	False	False	False	_	0	0	0	2	tende bianche,	tende bianche,	tende bianche
369	TO083	997.04	998.533	1.493	True	0	0	0	0	0	0	False	False	False	False	False	_	0	0	0	4	che svolazzano col vento,	che svolazzano col vento,	che svolazzano col vento
370	TO083	999.588	1000.785	1.197	True	0	0	0	0	0	0	False	False	False	False	False	_	0	0	0	2	e:: parquet.	e:: parquet.	e parquet
371	TO083	1002.28	1003.36	1.08	True	0	0	0	0	0	0	False	False	False	False	False	_	0	0	0	1	mobili:,	mobili:,	mobili
372	TO083	1003.756	1005.193	1.437	True	0	0	0	0	0	0	False	False	False	False	False	_	0	0	0	3	prevalentemente di legno.	prevalentemente di legno.	prevalentemente di legno
373	TO999	1005.193	1005.483	0.29	True	0	0	0	0	0	0	False	False	False	False	False	_	0	0	0	1	mh,	mh,	mh
374	TO083	1006.253	1011.688	5.435	True	0	0	0	0	0	0	False	False	False	False	False	_	0	0	0	13	però:: leggero: no::n non tipo i mobiloni di legno anti~ cioè:=mh capito?	però:: leggero: no::n non tipo i mobiloni di legno anti~ cioè:=mh capito?	però leggero non non tipo i mobiloni di legno anti~ cioè mh capito
375	TO999	1011.9	1012.6	0.7	True	0	0	0	0	0	0	False	False	False	False	False	_	0	0	0	3	sì sì sì.	sì sì sì.	sì sì sì
376	TO083	1012.6	1015.701	3.101	True	0	0	0	0	0	0	False	False	False	False	False	_	0	0	0	7	e::h legno un po' rustico:: chiaro così,	e::h legno un po' rustico:: chiaro così,	eh legno un po' rustico chiaro così
377	TO083	1016.603	1017.591	0.988	True	0	0	0	0	0	0	False	False	False	False	False	_	0	0	0	2	e::h=mh,	e::h=mh,	eh mh
378	TO083	1018.901	1020.32	1.419	True	0	0	0	0	0	0	False	False	False	False	False	_	0	0	0	5	non troppo piena di mobili,	non troppo piena di mobili,	non troppo piena di mobili
379	TO083	1022.265	1024.371	2.106	True	0	0	0	0	0	0	False	False	False	False	False	_	0	0	0	6	ogni tanto qualcosa di colorato preferirei,	ogni tanto qualcosa di colorato preferirei,	ogni tanto qualcosa di colorato preferirei
380	TO083	1024.646	1025.935	1.289	True	0	0	0	0	0	0	False	False	False	False	False	_	0	0	0	2	<preferibilmente> rosso.	<preferibilmente> rosso.	preferibilmente rosso
381	TO999	1026.321	1026.778	0.457	True	0	0	0	0	0	0	False	False	False	False	False	_	0	0	0	1	mhmh,	mhmh,	mhmh
382	TO083	1028.081	1032.096	4.015	True	0	0	0	0	0	0	False	False	False	False	False	_	0	0	0	15	e::h il giardino non ce n' è bisogno però m:h un terrazzo mi farebbe piacere.	e::h il giardino non ce n' è bisogno però m:h un terrazzo mi farebbe piacere.	eh il giardino non ce n' è bisogno però mh un terrazzo mi farebbe piacere
383	TO999	1032.453	1032.911	0.458	True	0	0	0	0	0	0	False	False	False	False	False	_	0	0	0	1	okay.	okay.	okay
384	TO083	1034.291	1035.151	0.86	True	0	0	0	0	0	0	False	False	False	False	False	_	0	0	0	3	non troppo grande.	non troppo grande.	non troppo grande
385	TO999	1035.595	1036.526	0.931	True	0	0	0	0	0	0	False	False	False	False	False	_	0	0	0	2	senza animali.	senza animali.	senza animali
386	TO083	1036.76	1037.522	0.762	True	0	0	0	0	0	0	False	False	False	False	True	387=0.001	0	0	0	2	no animale.	no animale.	no animale
387	TO999	1037.521	1038.233	0.712	True	0	0	0	0	0	0	False	False	False	False	True	386=0.001,388=0.002	0	1	0	0	((ride))	{ride}	{ride}
388	TO083	1038.231	1039.401	1.17	True	0	0	0	0	0	0	False	False	False	False	True	387=0.002	0	0	0	3	piante solo grasse.	piante solo grasse.	piante solo grasse
389	TO999	1040.526	1041.17	0.644	True	0	0	0	0	0	0	False	False	False	False	False	_	0	0	0	1	okay.	okay.	okay
390	TO999	1041.513	1043.0	1.487	True	0	0	0	0	0	0	False	False	False	False	False	_	0	0	0	6	perché non hai il pollice verde.	perché non hai il pollice verde.	perché non hai il pollice verde
391	TO083	1043.0	1044.213	1.213	True	0	0	0	0	0	0	False	False	False	False	False	_	0	0	0	6	eh no temo proprio di no.	eh no temo proprio di no.	eh no temo proprio di no
392	TO999	1044.442	1044.86	0.418	True	0	0	0	0	0	0	False	False	False	False	True	393=0.418	0	1	0	0	((ride))	{ride}	{ride}
393	TO083	1044.442	1044.86	0.418	True	0	0	0	0	0	0	False	False	False	False	True	392=0.418	0	1	0	0	((ride))	{ride}	{ride}
394	TO999	1046.561	1047.47	0.909	True	0	0	0	0	0	0	False	False	False	False	False	_	0	0	0	1	<okay,>	<okay,>	okay
395	TO999	1047.546	1054.903	7.357	True	0	0	0	0	0	0	False	False	False	False	False	_	0	0	0	26	e:::h boh (la) possiamo chiudere qui ah no aspetta allora ti chiedo delle cose che non c' entrano niente con questo però così evito di scriverle,	e:::h boh (la) possiamo chiudere qui ah no aspetta allora ti chiedo delle cose che non c' entrano niente con questo però così evito di scriverle,	eh boh la possiamo chiudere qui ah no aspetta allora ti chiedo delle cose che non c' entrano niente con questo però così evito di scriverle
396	TO999	1055.156	1057.418	2.262	True	0	0	0	0	0	0	False	False	False	False	False	_	0	0	0	6	e:: allora carla quanti anni hai?	e:: allora carla quanti anni hai?	e allora carla quanti anni hai
397	TO083	1057.876	1058.6	0.724	True	0	0	0	0	0	0	False	False	False	False	False	_	0	0	0	1	ventitrè.	ventitrè.	ventitrè
398	TO999	1059.145	1060.573	1.428	True	0	0	0	0	0	0	False	False	False	False	False	_	0	0	0	4	la tua prima occupazione?	la tua prima occupazione?	la tua prima occupazione
399	TO083	1061.705	1063.33	1.625	True	0	0	0	0	0	0	False	False	False	False	False	_	0	0	0	2	oddio e:::,	oddio e:::,	oddio e
400	TO083	1064.793	1065.955	1.162	True	0	0	0	0	0	0	False	False	False	False	False	_	1	0	0	4	ten~ (.) non lo so.	ten~ {P} non lo so.	ten~ {P} non lo so
401	TO083	1066.43	1067.126	0.696	True	0	0	0	0	0	0	False	False	False	False	False	_	0	0	0	1	studentessa.	studentessa.	studentessa
402	TO083	1067.668	1071.065	3.397	True	0	0	0	0	0	0	False	False	False	False	False	_	0	1	0	6	((ride)) [studentessa] di filosofia studentessa di recitazione.	{ride} [studentessa] di filosofia studentessa di recitazione.	{ride} studentessa di filosofia studentessa di recitazione
403	TO999	1068.08	1068.838	0.758	True	0	0	0	0	0	0	False	False	False	False	False	_	0	0	0	2	[la seconda?]	[la seconda?]	la seconda
404	TO999	1071.301	1071.896	0.595	True	0	0	0	0	0	0	False	False	False	False	False	_	0	0	0	1	okay.	okay.	okay
405	TO999	1072.408	1075.415	3.007	True	0	0	0	0	0	0	False	False	False	False	False	_	0	0	0	5	e::: quindi studentessa e attrice,	e::: quindi studentessa e attrice,	e quindi studentessa e attrice
406	TO083	1075.721	1075.996	0.275	True	0	0	0	0	0	0	False	False	False	False	False	_	0	0	0	1	sì.	sì.	sì
407	TO999	1076.08	1076.71	0.63	True	0	0	0	0	0	0	False	False	False	False	False	_	0	0	0	2	possiamo dire?	possiamo dire?	possiamo dire
408	TO083	1077.011	1077.568	0.557	True	0	0	0	0	0	0	False	False	False	False	False	_	0	0	0	1	diciamolo.	diciamolo.	diciamolo
409	TO999	1077.883	1078.388	0.505	True	0	0	0	0	0	0	False	False	False	False	False	_	0	0	0	1	okay.	okay.	okay
410	TO999	1078.521	1082.373	3.852	True	0	0	0	0	0	0	False	False	False	False	False	_	0	0	0	9	e::h=m::h dove hai fatto le: dove sei nata?	e::h=m::h dove hai fatto le: dove sei nata?	eh mh dove hai fatto le dove sei nata
411	TO083	1082.773	1083.985	1.212	True	1	0	0	1	0	0	False	False	False	False	False	_	0	1	1	3	sono nata a ((*nomepaese)).	sono nata a {nomepaese} .	sono nata a {nomepaese} .
412	TO999	1084.423	1085.715	1.292	True	0	0	0	0	0	0	False	False	False	False	False	_	0	0	0	5	dove hai fatto le superiori?	dove hai fatto le superiori?	dove hai fatto le superiori
413	TO083	1085.956	1086.546	0.59	True	1	0	0	1	0	0	False	False	False	False	False	_	0	1	1	0	((*nomepaese)).	{nomepaese} .	{nomepaese} .
414	TO999	1087.053	1088.041	0.988	True	0	0	0	0	0	0	False	False	False	False	False	_	0	0	0	3	quante lingue parli?	quante lingue parli?	quante lingue parli
415	TO083	1088.55	1090.991	2.441	True	0	0	0	0	0	0	False	False	False	False	False	_	0	0	0	6	parlo inglese francese e poco tedesco.	parlo inglese francese e poco tedesco.	parlo inglese francese e poco tedesco
416	TO083	1091.403	1092.055	0.652	True	0	0	0	0	0	0	False	False	False	False	False	_	0	0	0	2	molto poco.	molto poco.	molto poco
417	TO999	1092.44	1093.489	1.049	True	0	0	0	0	0	0	False	False	False	False	True	418=0.001	0	0	0	3	dialetto ligure no?	dialetto ligure no?	dialetto ligure no
418	TO083	1093.488	1093.681	0.193	True	0	0	0	0	0	0	False	False	False	False	True	417=0.001	0	0	0	1	no.	no.	no
419	TO083	1093.905	1095.643	1.738	True	0	0	0	1	0	0	False	False	False	False	False	_	0	0	0	8	zero. eh ma i miei non sono @abitantipaese.	zero. eh ma i miei non sono abitantipaese.	zero eh ma i miei non sono abitantipaese
420	TO999	1096.83	1098.211	1.381	True	0	0	0	0	0	0	False	False	False	False	False	_	0	0	0	4	okay va bene allora.	okay va bene allora.	okay va bene allora
