tu_id	speaker	start	end	duration	include	W:normalized_spaces	W:numbers	W:accents	W:non_jefferson	W:pauses_trim	W:prosodic_trim	W:moved_boundaries	E:volume	E:pace	E:guess	E:overlap	E:overlap_mismatch	E:overlap_duration	T:shortpauses	T:metalinguistic	T:errors	T:linguistic	annotation	correct	text
0	???	3.98	4.77	0.79	True	0	0	0	0	0	0	0	False	False	False	False	False	_	0	0	0	2	 lascio aperto?	lascio aperto?	lascio aperto
1	TO026	4.98	5.535	0.555	True	0	0	0	0	0	0	0	False	False	False	False	False	_	0	0	0	2	 sì grazie.	sì grazie.	sì grazie
2	???	5.78	6.342	0.562	True	0	0	0	0	0	0	0	False	False	False	False	False	_	0	0	0	1	 °arrivederci°	°arrivederci°	arrivederci
3	TO028	10.686	11.422	0.736	True	0	0	0	0	0	0	0	False	False	False	False	False	_	0	0	0	1	 permesso?	permesso?	permesso
4	TO026	11.539	12.43	0.891	True	0	0	0	0	0	0	0	False	False	False	False	False	_	0	0	0	2	 buongiorno, pre[go,]	buongiorno, pre[go,]	buongiorno prego
5	TO028	12.326	12.867	0.541	True	0	0	0	0	0	0	0	False	False	False	False	False	_	0	0	0	1	 [bu]ongiorno,	[bu]ongiorno,	buongiorno
6	TO026	12.879	14.163	1.284	True	2	0	0	0	0	0	0	False	False	False	False	False	_	0	1	1	3	 ha già incontrato {nome_raccoglitore} ?	ha già incontrato {nome_raccoglitore} ?	ha già incontrato {nome_raccoglitore} ?
7	TO028	14.648	17.32	2.672	True	0	0	0	0	0	0	0	False	False	False	False	False	_	1	0	0	10	 sì {P} [e mi ha detto tutto, si si si appo]sto	sì {P} [e mi ha detto tutto, si si si appo]sto	sì {P} e mi ha detto tutto si si si apposto
8	TO026	15.223	17.167	1.944	True	0	0	0	0	0	0	0	False	False	False	False	False	_	1	0	0	6	 [sì {P} che le ha detto benissimo]	[sì {P} che le ha detto benissimo]	sì {P} che le ha detto benissimo
9	TO028	18.1	19.181	1.081	True	0	0	0	0	0	0	0	False	False	False	False	False	_	0	0	0	4	 già ho compilato tutto,	già ho compilato tutto,	già ho compilato tutto
10	TO026	20.025	22.994	2.969	True	0	0	0	0	0	0	0	False	False	False	False	False	_	0	1	0	7	 ecco come si raccoglie materiale:: {ride} [del parla]to	ecco come si raccoglie materiale:: {ride} [del parla]to	ecco come si raccoglie materiale {ride} del parlato
11	TO028	22.134	22.703	0.569	True	0	0	0	0	0	0	0	False	False	False	False	False	_	0	0	0	1	 [infatti]	[infatti]	infatti
12	TO028	23.524	26.047	2.523	True	0	0	0	0	0	0	0	False	False	False	False	False	_	0	0	0	5	 stavo:: ci stavo giusto pensando	stavo:: ci stavo giusto pensando	stavo ci stavo giusto pensando
13	TO028	27.467	33.25	5.783	True	0	0	0	0	0	0	0	False	False	False	False	False	_	0	0	0	17	 e::h allora io avrei qualche problema proprio un po' più amministrativo nel senso [della] borsa di studio	e::h allora io avrei qualche problema proprio un po' più amministrativo nel senso [della] borsa di studio	eh allora io avrei qualche problema proprio un po' più amministrativo nel senso della borsa di studio
14	TO026	31.992	32.523	0.531	True	0	0	0	0	0	0	0	False	False	False	False	True	13=0.531	0	0	0	1	 mhmh	mhmh	mhmh
15	TO026	33.452	33.881	0.429	True	0	0	0	0	0	0	0	False	False	False	False	False	_	0	0	0	1	 mhmh	mhmh	mhmh
16	TO028	33.881	36.56	2.679	True	0	0	0	0	0	0	0	False	False	False	False	False	_	0	0	0	7	 e:h solo qualche informazione proprio sul come::	e:h solo qualche informazione proprio sul come::	eh solo qualche informazione proprio sul come
17	TO026	36.949	38.926	1.977	True	0	0	0	0	0	0	0	False	False	False	False	False	_	0	0	0	6	 se [sono in grado di dargliela::]	se [sono in grado di dargliela::]	se sono in grado di dargliela
18	TO028	37.272	40.776	3.504	True	0	0	0	0	0	0	0	False	False	False	False	False	_	1	0	0	8	 [viene erogata::, quando::,] {P} lei lo sa per caso?	[viene erogata::, quando::,] {P} lei lo sa per caso?	viene erogata quando {P} lei lo sa per caso
19	TO026	41.049	45.363	4.314	True	0	0	0	0	0	0	0	False	False	False	False	False	_	0	0	0	14	 eh come dicevamo la volta scorsa per queste informazioni:: deve chiedere agli uffici no?	eh come dicevamo la volta scorsa per queste informazioni:: deve chiedere agli uffici no?	eh come dicevamo la volta scorsa per queste informazioni deve chiedere agli uffici no
20	TO028	45.501	48.556	3.055	True	0	0	0	0	0	0	0	False	False	False	False	False	_	0	0	0	9	 e non sa neanche [cosa succede] se: io rifiuto?	e non sa neanche [cosa succede] se: io rifiuto?	e non sa neanche cosa succede se io rifiuto
21	TO026	46.293	47.05	0.757	True	0	0	0	0	0	0	0	False	False	False	False	False	_	0	0	0	2	 [non sapre:i]	[non sapre:i]	non saprei
22	TO026	49.936	50.457	0.521	True	0	0	0	0	0	0	0	False	False	False	False	False	_	0	0	0	2	 e:h no	e:h no	eh no
23	TO028	50.831	51.34	0.509	True	0	0	0	0	0	0	0	False	False	False	False	False	_	0	0	0	1	 mh	mh	mh
24	TO028	52.11	52.411	0.301	True	0	0	0	0	0	0	0	False	False	False	False	False	_	0	0	0	1	 mh	mh	mh
25	TO026	52.865	53.762	0.897	True	0	0	0	0	0	0	0	False	False	False	False	False	_	0	0	0	3	 eh purtroppo no,	eh purtroppo no,	eh purtroppo no
26	TO028	54.739	55.267	0.528	True	0	0	0	0	0	0	0	False	False	False	False	False	_	0	0	0	1	 x[xxx]	x[xxx]	xxxx
27	TO026	54.893	57.562	2.669	True	0	0	0	0	0	0	0	False	False	False	False	False	_	0	0	0	6	 [in che] senso se rifiuta::: sì	[in che] senso se rifiuta::: sì	in che senso se rifiuta sì
28	TO028	57.562	60.196	2.634	True	0	0	0	0	0	0	0	False	False	False	False	False	_	0	0	0	4	 m::h mio padre h[a:::]	m::h mio padre h[a:::]	mh mio padre ha
29	TO026	59.977	63.569	3.592	True	0	0	0	0	0	0	0	False	False	False	False	False	_	1	0	0	14	 [ah] no no non per::=mh cioè non volevo [sapere i motivi personali {P} sì.]	[ah] no no non per::=mh cioè non volevo [sapere i motivi personali {P} sì.]	ah no no non per mh cioè non volevo sapere i motivi personali {P} sì
30	TO028	61.479	68.227	6.748	True	0	0	0	0	0	0	0	False	False	False	False	False	_	0	0	0	23	 [no no no no:: nel senso che=eh] non sono certa di riuscire a partire finché non son parti~ non so come spiegare.	[no no no no:: nel senso che=eh] non sono certa di riuscire a partire finché non son parti~ non so come spiegare.	no no no no nel senso che eh non sono certa di riuscire a partire finché non son parti~ non so come spiegare
31	TO026	68.652	69.623	0.971	True	0	0	0	0	0	0	0	False	False	False	False	False	_	0	0	0	4	 sì [sì sì ce:rto]	sì [sì sì ce:rto]	sì sì sì certo
32	TO028	68.754	70.965	2.211	True	0	0	0	0	0	0	0	False	False	False	False	False	_	1	0	0	3	 [e quindi:::] {P} [finché::]	[e quindi:::] {P} [finché::]	e quindi {P} finché
33	TO026	70.249	73.136	2.887	True	0	0	0	0	0	0	0	False	False	False	False	False	_	0	0	0	8	 [deve sapere] e:::h no deve chiedere agli uffici	[deve sapere] e:::h no deve chiedere agli uffici	deve sapere eh no deve chiedere agli uffici
34	TO028	73.182	74.453	1.271	True	0	0	0	0	0	0	0	False	False	False	False	False	_	0	0	0	2	 okay perfetto	okay perfetto	okay perfetto
35	TO026	74.524	75.272	0.748	True	0	0	0	0	0	0	0	False	False	False	False	False	_	0	0	0	3	 °eh per quello::°	°eh per quello::°	eh per quello
36	TO028	75.425	86.885	11.46	True	0	0	0	0	0	0	0	False	False	False	False	False	_	0	0	0	36	 pero' non ha mai sentito lei parlare di pena::li o cose da pagare in più, rispet~ cioè okay restituire i soldi per carità, pero' penali eccetera io ho letto il bando non c' è scritto nulla	pero' non ha mai sentito lei parlare di pena::li o cose da pagare in più, rispet~ cioè okay restituire i soldi per carità, pero' penali eccetera io ho letto il bando non c' è scritto nulla	pero' non ha mai sentito lei parlare di penali o cose da pagare in più rispet~ cioè okay restituire i soldi per carità pero' penali eccetera io ho letto il bando non c' è scritto nulla
37	TO028	87.06	89.816	2.756	True	0	0	0	0	0	0	0	False	False	False	False	False	_	0	0	0	10	 lei non ha mai sentito parlare <di cose del genere>	lei non ha mai sentito parlare <di cose del genere>	lei non ha mai sentito parlare di cose del genere
38	TO026	91.153	92.267	1.114	True	0	0	0	0	0	0	0	False	False	False	False	False	_	0	0	0	2	 no::=e:h	no::=e:h	no eh
39	TO026	92.866	102.078	9.212	True	0	0	0	0	0	0	0	False	False	False	False	False	_	2	0	1	21	 per questioni erasmus {P} no {P} e in altri casi che diciamo di in altri casi di borse di studio no? per l'[erasmus] e:::hm	per questioni erasmus {P} no {P} e in altri casi che diciamo di in altri casi di borse di studio no? per l'[erasmus] e:::hm	per questioni erasmus {P} no {P} e in altri casi che diciamo di in altri casi di borse di studio no per l'erasmus ehm
40	TO028	99.753	100.281	0.528	True	0	0	0	0	0	0	0	False	False	False	False	False	_	0	0	0	2	 [ah okay]	[ah okay]	ah okay
41	TO026	102.978	116.837	13.859	True	0	0	0	0	0	0	0	False	False	False	False	False	_	2	0	0	39	 ci possono essere, ci sono, casi di rinuncia:: e::h {P} sono casi di rinuncia, cioè si rinuncia alla borsa da un certo punto in poi ma questo non comporta penali:: [sanzioni::] {P} e credo che neanche per la borsa [erasmus], no?	ci possono essere, ci sono, casi di rinuncia:: e::h {P} sono casi di rinuncia, cioè si rinuncia alla borsa da un certo punto in poi ma questo non comporta penali:: [sanzioni::] {P} e credo che neanche per la borsa [erasmus], no?	ci possono essere ci sono casi di rinuncia eh {P} sono casi di rinuncia cioè si rinuncia alla borsa da un certo punto in poi ma questo non comporta penali sanzioni {P} e credo che neanche per la borsa erasmus no
42	TO028	113.453	113.911	0.458	True	0	0	0	0	0	0	0	False	False	False	False	False	_	0	0	0	1	 [okay]	[okay]	okay
43	TO028	115.675	116.334	0.659	True	0	0	0	0	0	0	0	False	False	False	False	False	_	0	0	0	3	 [sì sì sì]	[sì sì sì]	sì sì sì
44	TO028	117.148	118.444	1.296	True	0	0	0	0	0	0	0	False	False	False	False	False	_	0	0	0	2	 sì [penso]	sì [penso]	sì penso
45	TO026	117.735	121.131	3.396	True	0	0	0	0	0	0	0	False	False	False	False	False	_	0	0	0	8	 [poi cosa suc]ceda alla borsa non [sapre:i ma,]	[poi cosa suc]ceda alla borsa non [sapre:i ma,]	poi cosa succeda alla borsa non saprei ma
46	TO028	120.227	129.418	9.191	True	0	0	0	0	0	0	0	False	False	False	False	False	_	0	0	0	24	 [no c' è scri]tto su sul bando che viene ridotta in modo proporzionale a:l~ alla rinuncia se sotto i tre mesi bisogna restituirla tutta,	[no c' è scri]tto su sul bando che viene ridotta in modo proporzionale a:l~ alla rinuncia se sotto i tre mesi bisogna restituirla tutta,	no c' è scritto su sul bando che viene ridotta in modo proporzionale al~ alla rinuncia se sotto i tre mesi bisogna restituirla tutta
47	TO028	130.461	135.755	5.294	True	0	0	0	0	0	0	0	False	False	False	False	False	_	0	0	0	12	 e:h=m:::h ad esempio io ho un' integrazione per l' isee basso,	e:h=m:::h ad esempio io ho un' integrazione per l' isee basso,	eh mh ad esempio io ho un' integrazione per l' isee basso
48	TO026	135.936	136.409	0.473	True	0	0	0	0	0	0	0	False	False	False	False	False	_	0	0	0	1	 mhmh	mhmh	mhmh
49	TO028	136.755	145.803	9.048	True	0	0	0	0	0	0	0	False	False	False	False	False	_	1	0	0	23	 eh {P} quella invece: se non vengono conseguiti almeno due crediti per ogni mese che si sta all' estero non vien~ non viene [erogata]	eh {P} quella invece: se non vengono conseguiti almeno due crediti per ogni mese che si sta all' estero non vien~ non viene [erogata]	eh {P} quella invece se non vengono conseguiti almeno due crediti per ogni mese che si sta all' estero non vien~ non viene erogata
50	TO026	144.773	146.079	1.306	True	0	0	0	0	0	0	0	False	False	False	False	False	_	1	0	0	4	 [a:h ho capito] {P} eh	[a:h ho capito] {P} eh	ah ho capito {P} eh
51	TO028	146.209	151.215	5.006	True	0	0	0	0	0	0	0	False	False	False	False	False	_	1	0	0	14	 questo sì, pero' {P} penali non c' è scritto niente volevo solo una conferma che::	questo sì, pero' {P} penali non c' è scritto niente volevo solo una conferma che::	questo sì pero' {P} penali non c' è scritto niente volevo solo una conferma che
52	TO026	151.232	152.381	1.149	True	0	0	0	0	0	0	0	False	False	False	False	False	_	1	0	0	4	 ah beh no {P} [sì]	ah beh no {P} [sì]	ah beh no {P} sì
53	TO028	151.918	153.544	1.626	True	0	0	0	0	0	0	0	False	False	False	False	False	_	1	0	0	3	 [sì] {P} okay perfetto	[sì] {P} okay perfetto	sì {P} okay perfetto
54	TO026	154.728	156.496	1.768	True	0	0	0	0	0	0	0	False	False	False	False	False	_	0	0	0	9	 [pero' chieda] lo chieda anche dagli uffici sì sì	[pero' chieda] lo chieda anche dagli uffici sì sì	pero' chieda lo chieda anche dagli uffici sì sì
55	TO028	154.737	155.441	0.704	True	0	0	0	0	0	0	0	False	False	False	False	False	_	0	0	0	1	 [e::h]	[e::h]	eh
56	TO028	156.566	157.1	0.534	True	0	0	0	0	0	0	0	False	False	False	False	False	_	0	0	0	1	 okay	okay	okay
57	TO028	157.722	161.188	3.466	True	0	0	0	0	0	0	0	False	False	False	False	False	_	0	0	0	9	 allora xxx [ades~ adesso devo trovarre] le domande giu[ste,]	allora xxx [ades~ adesso devo trovarre] le domande giu[ste,]	allora xxx ades~ adesso devo trovarre le domande giuste
58	TO026	158.583	160.022	1.439	True	0	0	0	0	0	0	0	False	False	False	False	False	_	0	0	0	5	 [per tutte queste (questioni) amministrative,]	[per tutte queste (questioni) amministrative,]	per tutte queste questioni amministrative
59	TO026	160.88	165.082	4.202	True	0	0	0	0	0	0	0	False	False	False	False	False	_	1	0	0	13	 [le doma]nde giuste infatti infatti {P} abbi[amo già eliminato] una parte delle domande no?	[le doma]nde giuste infatti infatti {P} abbi[amo già eliminato] una parte delle domande no?	le domande giuste infatti infatti {P} abbiamo già eliminato una parte delle domande no
60	TO028	162.6	163.528	0.928	True	0	0	0	0	0	0	0	False	False	False	False	False	_	0	0	0	1	 [m::h]	[m::h]	mh
61	TO028	166.436	169.369	2.933	True	0	0	0	0	0	0	0	False	False	False	False	False	_	1	0	0	8	 okay {P} io vinco una borsa da nove mesi	okay {P} io vinco una borsa da nove mesi	okay {P} io vinco una borsa da nove mesi
62	TO026	169.639	169.84	0.201	True	0	0	0	0	0	0	0	False	False	False	False	False	_	0	0	0	1	 sì	sì	sì
63	TO028	170.126	172.061	1.935	True	0	0	0	0	0	0	0	False	False	False	False	False	_	0	0	0	5	 ma torno sicuramente dopo cinque	ma torno sicuramente dopo cinque	ma torno sicuramente dopo cinque
64	TO028	172.983	176.382	3.399	True	0	0	0	0	0	0	0	False	False	False	False	False	_	0	0	0	8	 mi posso compilare il mio learn agreement pe:::r	mi posso compilare il mio learn agreement pe:::r	mi posso compilare il mio learn agreement per
65	TO026	176.514	178.71	2.196	True	0	0	0	0	0	0	0	False	False	False	False	False	_	1	0	0	5	 torna d[opo cinque], {P} e poi:::?	torna d[opo cinque], {P} e poi:::?	torna dopo cinque {P} e poi
66	TO028	176.853	177.626	0.773	True	0	0	0	0	0	0	0	False	False	False	False	False	_	0	0	0	3	 [o il trenta]	[o il trenta]	o il trenta
67	TO028	178.954	179.342	0.388	True	0	0	0	0	0	0	0	False	False	False	False	False	_	0	0	0	1	 no.	no.	no
68	TO028	180.148	181.367	1.219	True	0	0	0	0	0	0	0	False	False	False	False	False	_	0	0	0	4	 non posso più tornare	non posso più tornare	non posso più tornare
69	TO028	182.223	189.726	7.503	True	0	0	0	0	0	0	0	False	False	False	False	False	_	0	0	0	21	 perché ho un::=mh non posso per mo[tivi familiari] non posso più torna:rci, quindi finirei il primo semestre e poi tornerei	perché ho un::=mh non posso per mo[tivi familiari] non posso più torna:rci, quindi finirei il primo semestre e poi tornerei	perché ho un mh non posso per motivi familiari non posso più tornarci quindi finirei il primo semestre e poi tornerei
70	TO026	184.851	185.677	0.826	True	0	0	0	0	0	0	0	False	False	False	False	False	_	0	0	0	2	 [sì sì]	[sì sì]	sì sì
71	TO028	189.939	195.745	5.806	True	0	0	0	0	0	0	0	False	False	False	False	False	_	0	0	0	17	 mi posso compilare il learn agreement con soli trenta crediti o devo compilarlo con tutti i sessanta?	mi posso compilare il learn agreement con soli trenta crediti o devo compilarlo con tutti i sessanta?	mi posso compilare il learn agreement con soli trenta crediti o devo compilarlo con tutti i sessanta
72	TO026	197.786	199.703	1.917	True	0	0	0	0	0	0	0	False	False	False	False	False	_	0	0	0	3	 prevede sessanta crediti::?	prevede sessanta crediti::?	prevede sessanta crediti
73	TO028	199.703	205.249	5.546	True	0	0	0	0	0	0	0	False	False	False	False	False	_	0	0	0	23	 eh no io tanto in realtà all' estero ci sto solo cinque mesi. pero' la borsa è da nove quindi il dubbio è	eh no io tanto in realtà all' estero ci sto solo cinque mesi. pero' la borsa è da nove quindi il dubbio è	eh no io tanto in realtà all' estero ci sto solo cinque mesi pero' la borsa è da nove quindi il dubbio è
74	TO026	205.319	212.16	6.841	True	0	0	0	0	0	0	0	False	False	False	False	False	_	0	0	0	19	 ma la borsa richiede che siano e::hm si siano superati degli esami per un totale di sessanta crediti? °no°	ma la borsa richiede che siano e::hm si siano superati degli esami per un totale di sessanta crediti? °no°	ma la borsa richiede che siano ehm si siano superati degli esami per un totale di sessanta crediti no
75	TO028	212.172	212.946	0.774	True	0	0	0	0	0	0	0	False	False	False	False	False	_	0	0	0	2	 m:h no	m:h no	mh no
76	TO026	212.946	213.476	0.53	True	0	0	0	0	0	0	0	False	False	False	False	False	_	0	0	0	2	 non credo	non credo	non credo
77	TO028	213.725	215.545	1.82	True	0	0	0	0	0	0	0	False	False	False	False	False	_	0	0	0	7	 no pero' di solito un anno accademico,	no pero' di solito un anno accademico,	no pero' di solito un anno accademico
78	TO028	216.303	226.281	9.978	True	0	0	0	0	0	0	0	False	False	False	False	False	_	0	0	0	26	 son sessanta crediti quindi mi chiedevo se partendo con una borsa da nove mesi perché in realtà quando parto nessuno sa che rinuncio se non io	son sessanta crediti quindi mi chiedevo se partendo con una borsa da nove mesi perché in realtà quando parto nessuno sa che rinuncio se non io	son sessanta crediti quindi mi chiedevo se partendo con una borsa da nove mesi perché in realtà quando parto nessuno sa che rinuncio se non io
79	TO028	227.211	228.349	1.138	True	0	0	0	0	0	0	0	False	False	False	False	False	_	0	0	0	4	 agli ultimi quattro mesi	agli ultimi quattro mesi	agli ultimi quattro mesi
80	TO026	228.349	229.759	1.41	True	0	0	0	0	0	0	0	False	False	False	False	False	_	0	0	0	4	 sì sì sì [°sì°]	sì sì sì [°sì°]	sì sì sì sì
81	TO028	229.372	233.283	3.911	True	0	0	0	0	0	0	0	False	False	False	False	False	_	1	0	0	9	 [e:h] quindi {P} no io compilo con quanti crediti voglio	[e:h] quindi {P} no io compilo con quanti crediti voglio	eh quindi {P} no io compilo con quanti crediti voglio
82	TO026	234.095	234.778	0.683	True	0	0	0	0	0	0	0	False	False	False	False	False	_	0	0	0	4	 io direi di sì	io direi di sì	io direi di sì
83	TO028	235.104	236.248	1.144	True	0	0	0	0	0	0	0	False	False	False	False	False	_	0	0	0	2	 okay perfetto	okay perfetto	okay perfetto
84	TO026	236.919	241.484	4.565	True	0	0	0	0	0	0	0	False	False	False	False	False	_	0	0	0	16	 poi pero' appunto lei diciamo formalmente risulta al~ dov' è che va? non mi ri[cordo più,]	poi pero' appunto lei diciamo formalmente risulta al~ dov' è che va? non mi ri[cordo più,]	poi pero' appunto lei diciamo formalmente risulta al~ dov' è che va non mi ricordo più
85	TO028	241.269	242.224	0.955	True	0	0	0	0	0	0	0	False	False	False	False	False	_	0	0	0	3	 [e:h] alla uam	[e:h] alla uam	eh alla uam
86	TO028	243.214	244.921	1.707	True	0	0	0	0	0	0	0	False	False	False	False	False	_	0	0	0	5	 e:h università autonoma di madrid	e:h università autonoma di madrid	eh università autonoma di madrid
87	TO026	244.921	245.352	0.431	True	0	0	0	0	0	0	0	False	False	False	False	False	_	0	0	0	2	 ah ecco	ah ecco	ah ecco
88	TO028	245.429	245.741	0.312	True	0	0	0	0	0	0	0	False	False	False	False	False	_	0	0	0	1	 sì	sì	sì
89	TO026	246.128	252.186	6.058	True	0	0	0	0	0	0	0	False	False	False	False	False	_	0	0	0	15	 e diciamo lei risulta in fondo in erasmus a madrid per tutti i nove me:si,	e diciamo lei risulta in fondo in erasmus a madrid per tutti i nove me:si,	e diciamo lei risulta in fondo in erasmus a madrid per tutti i nove mesi
90	TO026	253.3	256.362	3.062	True	0	0	0	0	0	0	0	False	False	False	False	False	_	0	0	0	8	 [comunque no? o chiede una riduzione della borsa]	[comunque no? o chiede una riduzione della borsa]	comunque no o chiede una riduzione della borsa
91	TO028	253.325	262.374	9.049	True	0	0	0	0	0	0	0	False	False	False	False	False	_	0	0	0	31	 [m::h a me una volta che torna~ no no] chiedo una riduzione della borsa~ [to::rn]o, faccio tutte le procedure di rientro dopo cinque mesi e il secondo semestre lo faccio qua	[m::h a me una volta che torna~ no no] chiedo una riduzione della borsa~ [to::rn]o, faccio tutte le procedure di rientro dopo cinque mesi e il secondo semestre lo faccio qua	mh a me una volta che torna~ no no chiedo una riduzione della borsa~ torno faccio tutte le procedure di rientro dopo cinque mesi e il secondo semestre lo faccio qua
92	TO026	257.13	257.724	0.594	True	0	0	0	0	0	0	0	False	False	False	False	False	_	0	0	0	2	 [ah okay]	[ah okay]	ah okay
93	TO026	262.608	268.532	5.924	True	0	0	0	0	0	0	0	False	False	False	False	False	_	0	0	1	24	 ah quindi ah cioè di cui mi parlava prima cioè la rinuncia alla bor[sa sarebbe da]l quinto mese in poi no~[a:h ho ca]pito ho capito	ah quindi ah cioè di cui mi parlava prima cioè la rinuncia alla bor[sa sarebbe da]l quinto mese in poi no~[a:h ho ca]pito ho capito	ah quindi ah cioè di cui mi parlava prima cioè la rinuncia alla borsa sarebbe dal quinto mese in poi no~a:h ho capito ho capito
94	TO028	265.556	266.615	1.059	True	0	0	0	0	0	0	0	False	False	False	False	False	_	0	0	0	2	 [sì esatto]	[sì esatto]	sì esatto
95	TO028	267.229	267.903	0.674	True	0	0	0	0	0	0	0	False	False	False	False	False	_	0	0	0	1	 [esatto]	[esatto]	esatto
96	TO028	268.592	268.841	0.249	True	0	0	0	0	0	0	0	False	False	False	False	False	_	0	0	0	1	 sì	sì	sì
97	TO026	269.332	269.713	0.381	True	0	0	0	0	0	0	0	False	False	False	False	False	_	0	0	0	2	 sì sì	sì sì	sì sì
98	TO028	269.781	270.86	1.079	True	0	0	0	0	0	0	0	False	False	False	False	False	_	0	0	0	1	 e::hm	e::hm	ehm
99	TO026	270.992	278.842	7.85	True	0	0	0	0	0	0	0	False	False	False	False	False	_	1	0	0	20	 no {P} allora diciamo per quanto riguarda la compilazione del learning agreement, secondo me puo' mettere trenta crediti pur diciamo e:::h	no {P} allora diciamo per quanto riguarda la compilazione del learning agreement, secondo me puo' mettere trenta crediti pur diciamo e:::h	no {P} allora diciamo per quanto riguarda la compilazione del learning agreement secondo me puo' mettere trenta crediti pur diciamo eh
100	TO028	278.842	280.021	1.179	True	0	0	0	0	0	0	0	False	False	False	False	False	_	0	0	0	2	 università permettendo,	università permettendo,	università permettendo
101	TO026	280.982	285.96	4.978	True	0	0	0	0	0	0	0	False	False	False	False	False	_	0	0	0	11	 sì. università di arrivo [permette]::ndo::, ma non credo le facciano problemi:,	sì. università di arrivo [permette]::ndo::, ma non credo le facciano problemi:,	sì università di arrivo permettendo ma non credo le facciano problemi
102	TO028	282.45	282.888	0.438	True	0	0	0	0	0	0	0	False	False	False	False	False	_	0	0	0	1	 [okay]	[okay]	okay
103	TO026	287.05	290.438	3.388	True	0	0	0	0	0	0	0	False	False	False	False	False	_	1	0	0	8	 e:hm {P} appunto puo' mettere secondo me trenta crediti:,	e:hm {P} appunto puo' mettere secondo me trenta crediti:,	ehm {P} appunto puo' mettere secondo me trenta crediti
104	TO026	291.657	296.772	5.115	True	0	0	0	0	0	0	0	False	False	False	False	False	_	0	0	0	18	 anche se in partenza:: sarebbero trenta crediti da conseguire in novi mesi anche se poi non sarà così	anche se in partenza:: sarebbero trenta crediti da conseguire in novi mesi anche se poi non sarà così	anche se in partenza sarebbero trenta crediti da conseguire in novi mesi anche se poi non sarà così
105	TO028	296.835	297.161	0.326	True	0	0	0	0	0	0	0	False	False	False	False	False	_	0	0	0	1	 mhmh	mhmh	mhmh
106	TO026	297.362	298.119	0.757	True	0	0	0	0	0	0	0	False	False	False	False	False	_	0	0	0	2	 s[econdo me:]	s[econdo me:]	secondo me
107	TO028	297.419	303.097	5.678	True	0	0	0	0	0	0	0	False	False	False	False	False	_	0	0	0	22	 [okay sì] sì sì era solo perché [se no] mi dovevo ricercare tutte le corrispondenze e non avevo idea [di com]e fare	[okay sì] sì sì era solo perché [se no] mi dovevo ricercare tutte le corrispondenze e non avevo idea [di com]e fare	okay sì sì sì era solo perché se no mi dovevo ricercare tutte le corrispondenze e non avevo idea di come fare
108	TO026	298.971	299.308	0.337	True	0	0	0	0	0	0	0	False	False	False	False	False	_	0	0	0	1	 [sì]	[sì]	sì
109	TO026	302.296	302.64	0.344	True	0	0	0	0	0	0	0	False	False	False	False	False	_	0	0	0	1	 [sì]	[sì]	sì
110	TO028	304.1	306.215	2.115	True	0	0	0	0	0	0	0	False	False	False	False	False	_	0	0	0	5	 e::h poi ci sono altri::	e::h poi ci sono altri::	eh poi ci sono altri
111	TO028	306.82	312.046	5.226	True	0	0	0	0	0	0	0	False	False	False	False	False	_	1	0	0	15	 altre tre domande. una è {P} se quando siamo in erasmus questa vale anche per rossi	altre tre domande. una è {P} se quando siamo in erasmus questa vale anche per rossi	altre tre domande una è {P} se quando siamo in erasmus questa vale anche per rossi
112	TO026	312.346	312.64	0.294	True	0	0	0	0	0	0	0	False	False	False	False	False	_	0	0	0	1	 sì	sì	sì
113	TO028	312.649	313.858	1.209	True	0	0	0	0	0	0	0	False	False	False	False	False	_	0	0	0	5	 se quando siamo in eras[mus]	se quando siamo in eras[mus]	se quando siamo in erasmus
114	TO026	313.753	315.144	1.391	True	0	0	0	0	0	0	0	False	False	False	False	False	_	0	0	0	5	 [che] verrà poi [lunedì prossimo,]	[che] verrà poi [lunedì prossimo,]	che verrà poi lunedì prossimo
115	TO028	314.402	321.586	7.184	True	0	0	0	0	0	0	0	False	False	False	False	False	_	0	0	0	18	 [esatto e]satto perché abbiamo scoperto che il quindici:: maggio chiude la possibilità di:: modificare il piano chi~ carriera	[esatto e]satto perché abbiamo scoperto che il quindici:: maggio chiude la possibilità di:: modificare il piano chi~ carriera	esatto esatto perché abbiamo scoperto che il quindici maggio chiude la possibilità di modificare il piano chi~ carriera
116	TO028	322.259	327.337	5.078	True	0	0	0	0	0	0	0	False	False	False	False	False	_	0	0	0	16	 e quindi ci chiedevamo se in mobilità erasmus noi possiamo comunque modificare il nostro piano carriera,	e quindi ci chiedevamo se in mobilità erasmus noi possiamo comunque modificare il nostro piano carriera,	e quindi ci chiedevamo se in mobilità erasmus noi possiamo comunque modificare il nostro piano carriera
117	TO028	328.061	336.391	8.33	True	0	0	0	0	0	0	0	False	False	False	False	False	_	0	0	0	23	 perché non possiamo dare esami qua pero' se la finestra si apre: quando noi siam già partite: non lo sappiamo~ [sì si puo']	perché non possiamo dare esami qua pero' se la finestra si apre: quando noi siam già partite: non lo sappiamo~ [sì si puo']	perché non possiamo dare esami qua pero' se la finestra si apre quando noi siam già partite non lo sappiamo~ sì si puo'
118	TO026	335.664	336.925	1.261	True	0	0	0	0	0	0	0	False	False	False	False	False	_	1	0	0	3	 [sì] {P} ma credo,	[sì] {P} ma credo,	sì {P} ma credo
119	TO028	337.89	339.199	1.309	True	0	0	0	0	0	0	0	False	False	False	False	False	_	0	0	0	4	 non ci bloccano: xx	non ci bloccano: xx	non ci bloccano xx
120	TO026	339.523	340.383	0.86	True	0	0	0	0	0	0	0	False	False	False	False	False	_	0	0	0	3	 no, non credo,	no, non credo,	no non credo
121	TO028	340.533	341.068	0.535	True	0	0	0	0	0	0	0	False	False	False	False	False	_	0	0	0	1	 perfetto,	perfetto,	perfetto
122	TO026	342.075	342.941	0.866	True	0	0	0	0	0	0	0	False	False	False	False	False	_	0	0	0	3	 anche perché diciamo	anche perché diciamo	anche perché diciamo
123	TO026	343.613	356.449	12.836	True	0	0	0	0	0	0	0	False	False	False	False	False	_	0	0	0	28	 e::h la gestione amministrativa e poi anche a livello di software diciamo così del piano carriera è indipendente [da::] dove siete collocate voi da quel periodo sì sì	e::h la gestione amministrativa e poi anche a livello di software diciamo così del piano carriera è indipendente [da::] dove siete collocate voi da quel periodo sì sì	eh la gestione amministrativa e poi anche a livello di software diciamo così del piano carriera è indipendente da dove siete collocate voi da quel periodo sì sì
124	TO028	351.745	352.345	0.6	True	0	0	0	0	0	0	0	False	False	False	False	False	_	0	0	0	1	 [okay]	[okay]	okay
125	TO028	357.143	358.095	0.952	True	0	0	0	0	0	0	0	False	False	False	False	False	_	0	0	0	4	 perché se no [noi::]	perché se no [noi::]	perché se no noi
126	TO026	357.916	367.21	9.294	True	0	0	0	0	0	0	0	False	False	False	False	False	_	0	0	0	21	 [ma pe]rché:: per poter:: cambiare il piano carriera [TORINESE] anche in base agli esami ch[e:: potete da]re là eccetera. [sì~ sì]	[ma pe]rché:: per poter:: cambiare il piano carriera [TORINESE] anche in base agli esami ch[e:: potete da]re là eccetera. [sì~ sì]	ma perché per poter cambiare il piano carriera torinese anche in base agli esami che potete dare là eccetera sì~ sì
127	TO028	361.559	362.49	0.931	True	0	0	0	0	0	0	0	False	False	False	False	False	_	0	0	0	3	 [eh perché non]	[eh perché non]	eh perché non
128	TO028	364.884	365.626	0.742	True	0	0	0	0	0	0	0	False	False	False	False	False	_	0	0	0	1	 [esatto]	[esatto]	esatto
129	TO028	366.426	367.813	1.387	True	0	0	0	0	0	0	0	False	False	False	False	False	_	0	0	0	5	 [era quello il nos]tro problema	[era quello il nos]tro problema	era quello il nostro problema
130	TO026	368.382	371.439	3.057	True	0	0	0	0	0	0	0	False	False	False	False	False	_	0	0	0	10	 eh al massimo lo ca~ lo cambiate poi dopo [xxx]	eh al massimo lo ca~ lo cambiate poi dopo [xxx]	eh al massimo lo ca~ lo cambiate poi dopo xxx
131	TO028	370.498	378.866	8.368	True	0	0	0	0	0	0	0	False	False	False	False	False	_	1	0	0	30	 [perché lei è un po' più si]cura nel senso che l' università a Glasgow {P} m:h in un certo mod~ in un certo modo è dovrebbe restare così. [la mia m::h]	[perché lei è un po' più si]cura nel senso che l' università a Glasgow {P} m:h in un certo mod~ in un certo modo è dovrebbe restare così. [la mia m::h]	perché lei è un po' più sicura nel senso che l' università a glasgow {P} mh in un certo mod~ in un certo modo è dovrebbe restare così la mia mh
132	TO026	377.728	381.73	4.002	True	0	0	0	0	0	0	0	False	False	False	False	False	_	0	0	0	16	 [e lei non s~ cioè non sa se] questi costi poi sararanno attivati come quando [eccetera]	[e lei non s~ cioè non sa se] questi costi poi sararanno attivati come quando [eccetera]	e lei non s~ cioè non sa se questi costi poi sararanno attivati come quando eccetera
133	TO028	381.4	384.867	3.467	True	0	0	0	0	0	0	0	False	False	False	False	False	_	1	0	0	13	 [non] lo s~ non lo so dell' unito, {P} non oso immaginare in spagna.	[non] lo s~ non lo so dell' unito, {P} non oso immaginare in spagna.	non lo s~ non lo so dell' unito {P} non oso immaginare in spagna
134	TO028	385.045	385.708	0.663	True	0	0	0	0	0	0	0	False	False	False	False	False	_	0	1	0	0	 {ride}	{ride}	{ride}
135	TO026	385.056	385.69	0.634	True	0	0	0	0	0	0	0	False	False	False	False	False	_	0	1	0	0	 {ride}	{ride}	{ride}
136	TO026	386.386	386.978	0.592	True	0	0	0	0	0	0	0	False	False	False	False	False	_	0	0	0	2	 no magari,	no magari,	no magari
137	TO028	387.478	388.422	0.944	True	0	0	0	0	0	0	0	False	False	False	False	False	_	0	0	0	2	 allo sbaraglio	allo sbaraglio	allo sbaraglio
138	TO028	389.554	397.358	7.804	True	0	0	0	0	0	0	0	False	False	False	False	True	139=0.602,140=0.393,141=0.147	1	0	0	21	 le amiche, che sono andate in spagna, mi hanno detto che e:h è [il deli]rio più totale sì {P} quindi non [so]	le amiche, che sono andate in spagna, mi hanno detto che e:h è [il deli]rio più totale sì {P} quindi non [so]	le amiche che sono andate in spagna mi hanno detto che eh è il delirio più totale sì {P} quindi non so
139	TO026	393.885	394.487	0.602	True	0	0	0	0	0	0	0	False	False	False	False	False	_	0	0	0	2	 [ma xxx]	[ma xxx]	ma xxx
140	TO026	395.269	395.662	0.393	True	0	0	0	0	0	0	0	False	False	False	False	False	_	0	0	0	1	 [sì?]	[sì?]	sì
141	TO026	397.211	399.969	2.758	True	0	0	0	0	0	0	0	False	False	False	False	False	_	0	0	0	13	 [beh] c' è sempre un problema di fondo che non si risolve cioè	[beh] c' è sempre un problema di fondo che non si risolve cioè	beh c' è sempre un problema di fondo che non si risolve cioè
142	TO026	400.936	402.733	1.797	True	0	0	0	0	0	0	0	False	False	False	False	False	_	0	0	0	3	 tutte le pratiche::	tutte le pratiche::	tutte le pratiche
143	TO026	403.355	411.161	7.806	True	0	0	0	0	0	0	0	False	False	False	False	False	_	0	0	0	16	 e::h diciamo così in preparazione:: al soggiorno erasmus, richiedono un certo tempo come sta vedendo [eccetera]	e::h diciamo così in preparazione:: al soggiorno erasmus, richiedono un certo tempo come sta vedendo [eccetera]	eh diciamo così in preparazione al soggiorno erasmus richiedono un certo tempo come sta vedendo eccetera
144	TO028	410.837	411.213	0.376	True	0	0	0	0	0	0	0	False	False	False	False	False	_	0	0	0	1	 [sì]	[sì]	sì
145	TO026	411.738	417.491	5.753	True	0	0	0	0	0	0	0	False	False	False	False	False	_	0	0	0	20	 e quindi, non si puo' fare questo a ridosso dell' inizio del del e:hm del semestre o dell' anno accademico	e quindi, non si puo' fare questo a ridosso dell' inizio del del e:hm del semestre o dell' anno accademico	e quindi non si puo' fare questo a ridosso dell' inizio del del ehm del semestre o dell' anno accademico
146	TO026	418.16	428.541	10.381	True	0	0	0	0	0	0	0	False	False	False	False	False	_	0	0	0	29	 e:h e quindi tipicamente qui:: come anche:: negli altri paesi d' europa, lo si fa quando ad esempio i programmi dei corsi dell' anno successivo non sono ancora definiti.	e:h e quindi tipicamente qui:: come anche:: negli altri paesi d' europa, lo si fa quando ad esempio i programmi dei corsi dell' anno successivo non sono ancora definiti.	eh e quindi tipicamente qui come anche negli altri paesi d' europa lo si fa quando ad esempio i programmi dei corsi dell' anno successivo non sono ancora definiti
147	TO026	430.27	439.974	9.704	True	0	0	0	0	0	0	0	False	False	False	False	False	_	1	0	0	30	 d' altra parte non si puo' aspettare che [escano perché poi è tro]ppo tardi e::h [quindi uno] piuttosto si basa su ciò che [è offerto l' anno prima] {P} eh [dice::]	d' altra parte non si puo' aspettare che [escano perché poi è tro]ppo tardi e::h [quindi uno] piuttosto si basa su ciò che [è offerto l' anno prima] {P} eh [dice::]	d' altra parte non si puo' aspettare che escano perché poi è troppo tardi eh quindi uno piuttosto si basa su ciò che è offerto l' anno prima {P} eh dice
148	TO028	432.332	433.137	0.805	True	0	0	0	0	0	0	0	False	False	False	False	False	_	0	0	0	4	 [no no no no]	[no no no no]	no no no no
149	TO028	433.86	434.902	1.042	True	0	0	0	0	0	0	0	False	False	False	False	False	_	0	0	0	4	 [pero' più si va:::]	[pero' più si va:::]	pero' più si va
150	TO028	437.024	438.702	1.678	True	0	0	0	0	0	0	0	False	False	False	True	True	147=1.678	0	0	0	4	 [è progressiva al [xxx]]	[è progressiva al [xxx]]	è progressiva al xxx
151	TO028	439.154	446.137	6.983	True	0	0	0	0	0	0	0	False	False	False	False	False	_	0	0	0	12	 [anti]cipano i:::in realtà anticipano la fu~ la~ l' uscita dei nuovi programmi,	[anti]cipano i:::in realtà anticipano la fu~ la~ l' uscita dei nuovi programmi,	anticipano iin realtà anticipano la fu~ la~ l' uscita dei nuovi programmi
152	TO026	446.137	447.193	1.056	True	0	0	0	0	0	0	0	False	False	False	False	False	_	0	0	0	4	 ah ho capito. sì.	ah ho capito. sì.	ah ho capito sì
153	TO028	447.193	451.957	4.764	True	0	0	0	0	0	0	0	False	False	False	False	False	_	2	0	0	11	 rossi ha già tutti i programmi nuovi::: {P} [sì sì] {P} tutti apposto	rossi ha già tutti i programmi nuovi::: {P} [sì sì] {P} tutti apposto	rossi ha già tutti i programmi nuovi {P} sì sì {P} tutti apposto
154	TO026	449.802	450.689	0.887	True	0	0	0	0	0	0	0	False	False	False	False	False	_	0	0	0	3	 [del prossim' anno]	[del prossim' anno]	del prossim' anno
155	TO026	452.107	452.603	0.496	True	0	0	0	0	0	0	0	False	False	False	False	False	_	0	1	0	0	 {ride}	{ride}	{ride}
156	TO028	452.716	452.993	0.277	True	0	0	0	0	0	0	0	False	False	False	False	False	_	0	0	0	1	 vabbè	vabbè	vabbè
157	TO028	453.4	457.194	3.794	True	0	0	0	0	0	0	0	False	False	False	False	False	_	0	0	0	16	 e:h no e io appunto mi son basata e poi volevo chiedere se secondo lei <questa>	e:h no e io appunto mi son basata e poi volevo chiedere se secondo lei <questa>	eh no e io appunto mi son basata e poi volevo chiedere se secondo lei questa
158	TO028	457.682	463.971	6.289	True	0	0	0	0	0	0	0	False	False	False	False	False	_	0	0	0	16	 [e::h] combinazione va bene questo qua sarebbe tecnologie dell' informazione e della comunicazione applicata all' educazione,	[e::h] combinazione va bene questo qua sarebbe tecnologie dell' informazione e della comunicazione applicata all' educazione,	eh combinazione va bene questo qua sarebbe tecnologie dell' informazione e della comunicazione applicata all' educazione
159	TO026	457.78	458.108	0.328	True	0	0	0	0	0	0	0	False	False	False	False	False	_	0	0	0	1	 [sì?]	[sì?]	sì
160	TO028	464.479	466.492	2.013	True	0	0	0	0	0	0	0	False	False	False	False	False	_	0	0	0	7	 con teorie e tecniche dei media digitali.	con teorie e tecniche dei media digitali.	con teorie e tecniche dei media digitali
161	TO028	466.864	476.383	9.519	True	0	0	0	0	0	0	0	False	False	False	False	False	_	1	0	0	25	 mi sembrava:: {P} se lei me lo approva, il quin[dici] maggio, io compilo il piano carriera con questa:: con questi cinque esami, così son trenta credi[ti],	mi sembrava:: {P} se lei me lo approva, il quin[dici] maggio, io compilo il piano carriera con questa:: con questi cinque esami, così son trenta credi[ti],	mi sembrava {P} se lei me lo approva il quindici maggio io compilo il piano carriera con questa con questi cinque esami così son trenta crediti
162	TO026	469.927	470.238	0.311	True	0	0	0	0	0	0	0	False	False	False	False	False	_	0	0	0	1	 [sì]	[sì]	sì
163	TO026	476.24	479.145	2.905	True	0	0	0	0	0	0	0	False	False	False	False	False	_	0	0	0	13	 [l' aveva]mo già visti, alcuni di questi, [no? l' altra volta scors~ sì.]	[l' aveva]mo già visti, alcuni di questi, [no? l' altra volta scors~ sì.]	l' avevamo già visti alcuni di questi no l' altra volta scors~ sì
164	TO028	477.576	482.974	5.398	True	0	0	0	0	0	0	0	False	False	False	False	False	_	1	0	0	15	 [sì sì sì] gli altri sì {P} questo qua era [palandini e g]io::vani davant~ comunicazione visiva,	[sì sì sì] gli altri sì {P} questo qua era [palandini e g]io::vani davant~ comunicazione visiva,	sì sì sì gli altri sì {P} questo qua era palandini e giovani davant~ comunicazione visiva
165	TO026	479.922	480.774	0.852	True	0	0	0	0	0	0	0	False	False	False	False	False	_	0	0	0	4	 [ah sì av~ sì?]	[ah sì av~ sì?]	ah sì av~ sì
166	TO026	483.251	484.906	1.655	True	0	0	0	0	0	0	0	False	False	False	False	False	_	0	0	0	8	 e è quest' altro l' ultimo dubbio [no?]	e è quest' altro l' ultimo dubbio [no?]	e è quest' altro l' ultimo dubbio no
167	TO028	484.737	484.906	0.169	True	0	0	0	0	0	0	0	False	False	False	False	False	_	0	0	0	1	 [sì]	[sì]	sì
168	TO026	485.599	486.259	0.66	True	0	0	0	0	0	0	0	False	False	False	False	False	_	0	0	0	3	 sì sì e:::	sì sì e:::	sì sì e
169	TO028	486.355	490.064	3.709	True	0	0	0	0	0	0	0	False	False	False	False	False	_	1	0	1	11	 così due sono identici {P} [economia] dell' impresa e economia e gestione dell'[impre]sa,	così due sono identici {P} [economia] dell' impresa e economia e gestione dell'[impre]sa,	così due sono identici {P} economia dell' impresa e economia e gestione dell'impresa,
170	TO026	487.7	488.142	0.442	True	0	0	0	0	0	0	0	False	False	False	False	False	_	0	0	0	2	 [sì sì]	[sì sì]	sì sì
171	TO026	489.612	489.915	0.303	True	0	0	0	0	0	0	0	False	False	False	False	False	_	0	0	0	2	 [sì sì]	[sì sì]	sì sì
172	TO028	491.049	493.731	2.682	True	0	0	0	0	0	0	0	False	False	False	False	False	_	1	0	0	7	 e::h niente {P} così facendo ho trenta crediti,	e::h niente {P} così facendo ho trenta crediti,	eh niente {P} così facendo ho trenta crediti
173	TO026	495.23	496.774	1.544	True	0	0	0	0	0	0	0	False	False	False	False	False	_	0	0	0	3	 materiali educativi multimediali::,	materiali educativi multimediali::,	materiali educativi multimediali
174	TO028	496.774	498.002	1.228	True	0	0	0	0	0	0	0	False	False	False	False	False	_	0	0	0	2	 no [e::h]	no [e::h]	no eh
175	TO026	497.46	498.843	1.383	True	0	0	0	0	0	0	0	False	False	False	False	False	_	0	0	0	7	 [ah non c' entra] nulla? no e::h	[ah non c' entra] nulla? no e::h	ah non c' entra nulla no eh
176	TO028	500.804	502.322	1.518	True	0	0	0	0	0	0	0	False	False	False	False	False	_	1	0	0	4	 ah {P} sono due esami.	ah {P} sono due esami.	ah {P} sono due esami
177	TO028	503.78	506.029	2.249	True	0	0	0	0	0	0	0	False	False	False	False	False	_	1	0	0	8	 son due diversi {P} [pero' QUESTO è da nove]	son due diversi {P} [pero' QUESTO è da nove]	son due diversi {P} pero' questo è da nove
178	TO026	504.551	509.916	5.365	True	0	0	0	0	0	0	0	False	False	False	False	False	_	0	0	0	18	 [que~ questo diciamo ha tradotto lei] ha tradotto lei cioè [questo è dell' addi]zione del [corso:::] di [madrid]?	[que~ questo diciamo ha tradotto lei] ha tradotto lei cioè [questo è dell' addi]zione del [corso:::] di [madrid]?	que~ questo diciamo ha tradotto lei ha tradotto lei cioè questo è dell' addizione del corso di madrid
179	TO028	507.48	508.062	0.582	True	0	0	0	0	0	0	0	False	False	False	False	False	_	0	0	0	4	 [no no no no]	[no no no no]	no no no no
180	TO028	508.649	509.142	0.493	True	0	0	0	0	0	0	0	False	False	False	False	False	_	0	0	0	3	 [no no no]	[no no no]	no no no
181	TO028	509.536	514.806	5.27	True	0	0	0	0	0	0	0	False	False	False	False	False	_	0	0	0	18	 [son due] esami diversi >okay adesso mi ricordo< son proprio due esami diversi uno è materiali educativi multimediali,	[son due] esami diversi >okay adesso mi ricordo< son proprio due esami diversi uno è materiali educativi multimediali,	son due esami diversi okay adesso mi ricordo son proprio due esami diversi uno è materiali educativi multimediali
182	TO028	515.313	519.755	4.442	True	0	0	0	0	0	0	0	False	False	False	False	False	_	0	0	0	14	 e l' altro è tecnologie inf~ dell' informazione e della comunicazione applicati all' educaz[ione,]	e l' altro è tecnologie inf~ dell' informazione e della comunicazione applicati all' educaz[ione,]	e l' altro è tecnologie inf~ dell' informazione e della comunicazione applicati all' educazione
183	TO026	519.45	519.745	0.295	True	0	0	0	0	0	0	0	False	False	False	False	False	_	0	0	0	1	 [sì]	[sì]	sì
184	TO028	520.133	525.822	5.689	True	0	0	0	0	0	0	0	False	False	False	False	False	_	1	0	0	22	 solo che questo è da nove crediti e questo è da sei {P} quindi se a lei andava bene questo, io metterei questo,	solo che questo è da nove crediti e questo è da sei {P} quindi se a lei andava bene questo, io metterei questo,	solo che questo è da nove crediti e questo è da sei {P} quindi se a lei andava bene questo io metterei questo
185	TO026	525.822	526.783	0.961	True	0	0	0	0	0	0	0	False	False	False	False	False	_	0	0	0	5	 ah ho capito. [sì sì,]	ah ho capito. [sì sì,]	ah ho capito sì sì
186	TO028	526.374	531.068	4.694	True	0	0	0	0	0	0	0	False	False	False	False	False	_	0	0	0	21	 [se no::] metto [l' a::ltro e perdo tre] crediti. sì quello sopra [è da sei] e quello sotto è da nove.	[se no::] metto [l' a::ltro e perdo tre] crediti. sì quello sopra [è da sei] e quello sotto è da nove.	se no metto l' altro e perdo tre crediti sì quello sopra è da sei e quello sotto è da nove
187	TO026	527.374	528.356	0.982	True	0	0	0	0	0	0	0	False	False	False	False	False	_	0	0	0	5	 [e questo sarebbe da sei?]	[e questo sarebbe da sei?]	e questo sarebbe da sei
188	TO026	529.78	530.296	0.516	True	0	0	0	0	0	0	0	False	False	False	False	False	_	0	0	0	2	 [quello sopra]	[quello sopra]	quello sopra
189	TO026	532.086	534.839	2.753	True	0	0	0	0	0	0	0	False	False	False	False	False	_	2	0	0	10	 sì va bene, [{P}] sì sì sei [e sei] {P} sì sì	sì va bene, [{P}] sì sì sei [e sei] {P} sì sì	sì va bene {P} sì sì sei e sei {P} sì sì
190	TO028	532.751	533.081	0.33	True	0	0	0	0	0	0	0	False	False	False	False	False	_	0	0	0	1	 [bon]	[bon]	bon
191	TO028	533.553	533.97	0.417	True	0	0	0	0	0	0	0	False	False	False	False	False	_	0	0	0	1	 [okay]	[okay]	okay
192	TO028	534.839	536.187	1.348	True	0	0	0	0	0	0	0	False	False	False	False	False	_	0	0	0	3	 allora: io com[pilo]	allora: io com[pilo]	allora io compilo
193	TO026	535.879	539.548	3.669	True	0	0	0	0	0	0	0	False	False	False	False	False	_	0	0	0	14	 [semplifica] anche il (coso) [ma:: mi pa]re che ci sia una certa [coerenza] no?	[semplifica] anche il (coso) [ma:: mi pa]re che ci sia una certa [coerenza] no?	semplifica anche il coso ma mi pare che ci sia una certa coerenza no
194	TO028	536.799	537.423	0.624	True	0	0	0	0	0	0	0	False	False	False	False	False	_	0	0	0	1	 [perfetto,]	[perfetto,]	perfetto
195	TO028	538.535	539.176	0.641	True	0	0	0	0	0	0	0	False	False	False	False	False	_	0	0	0	3	 [sì sì sì]	[sì sì sì]	sì sì sì
196	TO028	540.221	548.936	8.715	True	0	0	0	0	0	0	0	False	False	False	False	False	_	1	0	0	23	 e::h bon {P} così il learn agreement il quindici mi apre:: l' iscrizione alla nuova università e::h [me]tto questo. se lei lo approva così::	e::h bon {P} così il learn agreement il quindici mi apre:: l' iscrizione alla nuova università e::h [me]tto questo. se lei lo approva così::	eh bon {P} così il learn agreement il quindici mi apre l' iscrizione alla nuova università eh metto questo se lei lo approva così
197	TO026	546.422	546.828	0.406	True	0	0	0	0	0	0	0	False	False	False	False	False	_	0	0	0	1	 [okay]	[okay]	okay
198	TO026	548.945	555.499	6.554	True	0	0	0	0	0	0	0	False	False	False	False	False	_	1	0	0	23	 sì {P} mi deve comunque mandare poi via mail il learning agreement [ma io] glielo glielo firmo e rimando:: via mail [non deve più]	sì {P} mi deve comunque mandare poi via mail il learning agreement [ma io] glielo glielo firmo e rimando:: via mail [non deve più]	sì {P} mi deve comunque mandare poi via mail il learning agreement ma io glielo glielo firmo e rimando via mail non deve più
199	TO028	552.214	552.778	0.564	True	0	0	0	0	0	0	0	False	False	False	False	False	_	0	0	0	3	 [sì sì sì]	[sì sì sì]	sì sì sì
200	TO028	554.79	556.016	1.226	True	0	0	0	0	0	0	0	False	False	False	False	False	_	0	0	0	6	 [ma tanto non ha ancora] aperto	[ma tanto non ha ancora] aperto	ma tanto non ha ancora aperto
201	TO026	556.733	558.056	1.323	True	0	0	0	0	0	0	0	False	False	False	False	False	_	0	0	0	6	 ah no no ma quando poi:::	ah no no ma quando poi:::	ah no no ma quando poi
202	TO028	558.48	558.816	0.336	True	0	0	0	0	0	0	0	False	False	False	False	False	_	0	0	0	1	 okay	okay	okay
203	TO026	558.816	559.847	1.031	True	0	0	0	0	0	0	0	False	False	False	False	False	_	0	0	0	4	 sarà aperto: sì sì	sarà aperto: sì sì	sarà aperto sì sì
204	TO028	560.51	562.219	1.709	True	0	0	0	0	0	0	0	False	False	False	False	False	_	0	0	0	1	 e:::hm::	e:::hm::	ehm
205	TO028	562.891	565.405	2.514	True	0	0	0	0	0	0	0	False	False	False	False	False	_	0	0	0	11	 un' ultima domanda è ci sono dei corsi di lingua qua?	un' ultima domanda è ci sono dei corsi di lingua qua?	un' ultima domanda è ci sono dei corsi di lingua qua
206	TO028	567.25	568.535	1.285	True	0	0	0	0	0	0	0	False	False	False	False	False	_	0	0	0	3	 in preparazione a	in preparazione a	in preparazione a
207	TO026	569.281	569.797	0.516	True	0	0	0	0	0	0	0	False	False	False	False	False	_	0	0	0	2	 ah no.	ah no.	ah no
208	TO028	570.158	570.517	0.359	True	0	0	0	0	0	0	0	False	False	False	False	False	_	0	0	0	1	 okay	okay	okay
209	TO026	570.671	571.031	0.36	True	0	0	0	0	0	0	0	False	False	False	False	False	_	0	0	0	1	 no	no	no
210	TO028	571.51	572.27	0.76	True	0	0	0	0	0	0	0	False	False	False	False	False	_	0	0	0	4	 ci sono solo là	ci sono solo là	ci sono solo là
211	TO026	572.452	573.435	0.983	True	0	0	0	0	0	0	0	False	False	False	False	False	_	1	0	0	5	 e ci sono là {P} sì.	e ci sono là {P} sì.	e ci sono là {P} sì
212	TO028	574.548	576.092	1.544	True	0	0	0	0	0	0	0	False	False	False	False	False	_	0	0	0	6	 perché la mia università dice che	perché la mia università dice che	perché la mia università dice che
213	TO028	576.568	584.932	8.364	True	0	0	0	0	0	0	0	False	False	False	False	False	_	0	0	0	23	 l' unito, dovrebbe cioè loro non richiedono una certificazione bi uno dello spagnolo pero' l' unito dovrebbe certificare che io:: ho il livello.	l' unito, dovrebbe cioè loro non richiedono una certificazione bi uno dello spagnolo pero' l' unito dovrebbe certificare che io:: ho il livello.	l' unito dovrebbe cioè loro non richiedono una certificazione bi uno dello spagnolo pero' l' unito dovrebbe certificare che io ho il livello
214	TO028	585.618	588.669	3.051	True	0	0	0	0	0	0	0	False	False	False	False	False	_	1	0	0	13	 nessuno lo fa. {P} io vado e lo imparo là no no va [benissimo,]	nessuno lo fa. {P} io vado e lo imparo là no no va [benissimo,]	nessuno lo fa {P} io vado e lo imparo là no no va benissimo
215	TO026	588.07	589.615	1.545	True	0	0	0	0	0	0	0	False	False	False	False	False	_	0	0	1	2	 [e::h] s::~ mah	[e::h] s::~ mah	eh s::~ mah
216	TO028	590.185	591.101	0.916	True	0	0	0	0	0	0	0	False	False	False	False	False	_	0	0	0	5	 cioè l' idea è quella,	cioè l' idea è quella,	cioè l' idea è quella
217	TO026	592.673	595.334	2.661	True	0	0	0	0	0	0	0	False	False	False	False	False	_	1	0	1	3	 cioè {P} diciamo nell'<accordo> bilaterale,	cioè {P} diciamo nell'<accordo> bilaterale,	cioè {P} diciamo nell'accordo bilaterale
218	TO026	596.164	599.929	3.765	True	0	0	0	0	0	0	0	False	False	False	False	False	_	0	0	0	13	 e:::h sia l' università di partenza che o comunque diciamo le due università,	e:::h sia l' università di partenza che o comunque diciamo le due università,	eh sia l' università di partenza che o comunque diciamo le due università
219	TO028	599.929	600.308	0.379	True	0	0	0	0	0	0	0	False	False	False	False	False	_	0	0	0	1	 mh	mh	mh
220	TO026	600.308	606.532	6.224	True	0	0	0	0	0	0	0	False	False	False	False	False	_	2	0	0	12	 in gio::co, {P} e::h devono esplicitare {P} quali competenze di quali lingue sono richieste	in gio::co, {P} e::h devono esplicitare {P} quali competenze di quali lingue sono richieste	in gioco {P} eh devono esplicitare {P} quali competenze di quali lingue sono richieste
221	TO028	606.653	607.1	0.447	True	0	0	0	0	0	0	0	False	False	False	False	False	_	0	0	0	1	 okay	okay	okay
222	TO026	607.428	619.977	12.549	True	0	0	0	0	0	0	0	False	False	False	False	False	_	1	0	0	39	 pero' non mi pare sia scritto da nessuna parte che l' altra università deve fornire delle competenze {P} per cui lo studente <possa> fare l' erasmus no: direi di no. non possono chiederlo no [(diciamo nè da madrid nè) xx]	pero' non mi pare sia scritto da nessuna parte che l' altra università deve fornire delle competenze {P} per cui lo studente <possa> fare l' erasmus no: direi di no. non possono chiederlo no [(diciamo nè da madrid nè) xx]	pero' non mi pare sia scritto da nessuna parte che l' altra università deve fornire delle competenze {P} per cui lo studente possa fare l' erasmus no direi di no non possono chiederlo no diciamo nè da madrid nè xx
223	TO028	619.179	628.398	9.219	True	0	0	0	0	0	0	0	False	False	False	False	False	_	1	0	0	18	 [no: c' è SCRITTO] sarà e:hm onere non è onere sarà:: a responsabilità: del {P} dell' università di partenza,	[no: c' è SCRITTO] sarà e:hm onere non è onere sarà:: a responsabilità: del {P} dell' università di partenza,	no c' è scritto sarà ehm onere non è onere sarà a responsabilità del {P} dell' università di partenza
224	TO028	628.968	632.53	3.562	True	0	0	0	0	0	0	0	False	False	False	False	False	_	0	0	0	8	 verificare che abbiate il livello di [competenza richiesto]	verificare che abbiate il livello di [competenza richiesto]	verificare che abbiate il livello di competenza richiesto
225	TO026	631.443	636.139	4.696	True	0	0	0	0	0	0	0	False	False	False	True	True	224=1.087,226=0.357,227=0.448	1	0	0	18	 [ah verificare a:h sì pero' dice che non vi chiede nessun livello di compe[]tenza voglio dire {P} e [quindi]	[ah verificare a:h sì pero' dice che non vi chiede nessun livello di compe[]tenza voglio dire {P} e [quindi]	ah verificare ah sì pero' dice che non vi chiede nessun livello di competenza voglio dire {P} e quindi
226	TO028	635.104	635.461	0.357	True	0	0	0	0	0	0	0	False	False	False	False	False	_	0	0	0	1	 [no]	[no]	no
227	TO028	635.691	639.041	3.35	True	0	0	0	0	0	0	0	False	False	False	False	False	_	0	0	0	12	 [no richi]ede il bi uno ma non richiede documenti che lo attestino	[no richi]ede il bi uno ma non richiede documenti che lo attestino	no richiede il bi uno ma non richiede documenti che lo attestino
228	TO026	639.243	639.877	0.634	True	0	0	0	0	0	0	0	False	False	False	False	False	_	0	0	0	3	 ah ho capito.	ah ho capito.	ah ho capito
229	TO026	642.032	642.333	0.301	True	0	0	0	0	0	0	0	False	False	False	False	False	_	0	0	0	1	 sì	sì	sì
230	TO026	643.92	646.159	2.239	True	0	0	0	0	0	0	0	False	False	False	False	False	_	0	0	0	8	 eh allora cioè [lei non ha nessuna] compe[tenza?]	eh allora cioè [lei non ha nessuna] compe[tenza?]	eh allora cioè lei non ha nessuna competenza
231	TO028	644.7	645.445	0.745	True	0	0	0	0	0	0	0	False	False	False	False	False	_	0	0	0	2	 [cioè nessuno,]	[cioè nessuno,]	cioè nessuno
232	TO028	646.027	653.247	7.22	True	0	0	0	0	0	0	0	False	False	False	False	False	_	0	0	0	25	 [no] io un po' si perché [m]:::h ho un' amica strettissima che è argentina e io stessa ci son stata due o tre volte quindi,	[no] io un po' si perché [m]:::h ho un' amica strettissima che è argentina e io stessa ci son stata due o tre volte quindi,	no io un po' si perché mh ho un' amica strettissima che è argentina e io stessa ci son stata due o tre volte quindi
233	TO026	647.43	647.725	0.295	True	0	0	0	0	0	0	0	False	False	False	False	False	_	0	0	0	1	 [sì]	[sì]	sì
234	TO028	653.94	657.912	3.972	True	0	0	0	0	0	0	0	False	False	False	False	False	_	1	0	0	17	 se d~ cioè {P} mi sto leggendo tutte le cose dell' università in spagnolo e non ho problemi	se d~ cioè {P} mi sto leggendo tutte le cose dell' università in spagnolo e non ho problemi	se d~ cioè {P} mi sto leggendo tutte le cose dell' università in spagnolo e non ho problemi
235	TO028	658.826	661.892	3.066	True	0	0	0	0	0	0	0	False	False	False	False	False	_	0	0	0	10	 non so se in una conversazione avrei li[vello bi] uno	non so se in una conversazione avrei li[vello bi] uno	non so se in una conversazione avrei livello bi uno
236	TO026	661.327	661.676	0.349	True	0	0	0	0	0	0	0	False	False	False	False	False	_	0	0	0	1	 [sì]	[sì]	sì
237	TO026	663.028	666.683	3.655	True	0	0	0	0	0	0	0	False	False	False	False	False	_	0	0	0	11	 è la comunque c' è un cor[so::] introduttivo:: [diciamo di spagnolo],	è la comunque c' è un cor[so::] introduttivo:: [diciamo di spagnolo],	è la comunque c' è un corso introduttivo diciamo di spagnolo
238	TO028	664.416	664.865	0.449	True	0	0	0	0	0	0	0	False	False	False	False	False	_	0	0	0	2	 [sì sì]	[sì sì]	sì sì
239	TO028	665.322	667.031	1.709	True	0	0	0	0	0	0	0	False	False	False	False	False	_	1	0	0	6	 [sì sì sì là sì {P} assoluta]mente	[sì sì sì là sì {P} assoluta]mente	sì sì sì là sì {P} assolutamente
240	TO028	667.425	676.824	9.399	True	0	0	0	0	0	0	0	False	False	False	False	False	_	0	0	0	27	 e tra l' altro era l' altro: problema perché lì sono <quattro> mi danno quattro crediti e ci ti esse pe::er quel corso lì, che qua:: boh	e tra l' altro era l' altro: problema perché lì sono <quattro> mi danno quattro crediti e ci ti esse pe::er quel corso lì, che qua:: boh	e tra l' altro era l' altro problema perché lì sono quattro mi danno quattro crediti e ci ti esse peer quel corso lì che qua boh
241	TO026	678.363	680.091	1.728	True	0	0	0	0	0	0	0	False	False	False	False	False	_	0	0	0	1	 e:::h	e:::h	eh
242	TO026	681.415	683.799	2.384	True	0	0	0	0	0	0	0	False	False	False	False	False	_	0	0	0	9	 lei lo metterebbe nel learning agreement quello? o:: no::?	lei lo metterebbe nel learning agreement quello? o:: no::?	lei lo metterebbe nel learning agreement quello o no
243	TO028	683.987	685.897	1.91	True	0	0	0	0	0	0	0	False	False	False	False	False	_	0	0	0	5	 quello::: eh cioè c' è	quello::: eh cioè c' è	quello eh cioè c' è
244	TO026	686.693	688.924	2.231	True	0	0	0	0	0	0	0	False	False	False	False	False	_	0	0	0	9	 sì lei lo deve [seguire pe]r forza sì sì	sì lei lo deve [seguire pe]r forza sì sì	sì lei lo deve seguire per forza sì sì
245	TO028	687.124	687.744	0.62	True	0	0	0	0	0	0	0	False	False	False	False	False	_	0	0	0	2	 [quello esiste]	[quello esiste]	quello esiste
246	TO028	689.057	691.139	2.082	True	0	0	0	0	0	0	0	False	False	False	False	False	_	0	0	0	9	 seguire per forza non lo so pero' lo seguo	seguire per forza non lo so pero' lo seguo	seguire per forza non lo so pero' lo seguo
247	TO026	691.469	692.017	0.548	True	0	0	0	0	0	0	0	False	False	False	False	False	_	0	0	0	2	 sì sì	sì sì	sì sì
248	TO028	692.396	695.711	3.315	True	0	0	0	0	0	0	0	False	False	False	False	False	_	0	0	0	10	 e::h in realtà se riuscissi a metterlo in altre attività,	e::h in realtà se riuscissi a metterlo in altre attività,	eh in realtà se riuscissi a metterlo in altre attività
249	TO028	697.142	700.705	3.563	True	0	0	0	0	0	0	0	False	False	False	False	False	_	0	0	0	13	 insieme ad altre:: tra l' altro in altre attività che cosa possiamo mettere?	insieme ad altre:: tra l' altro in altre attività che cosa possiamo mettere?	insieme ad altre tra l' altro in altre attività che cosa possiamo mettere
250	TO026	701.361	702.376	1.015	True	0	0	0	0	0	0	0	False	False	False	False	False	_	0	0	0	4	 altre attività da sei?	altre attività da sei?	altre attività da sei
251	TO028	702.889	703.196	0.307	True	0	0	0	0	0	0	0	False	False	False	False	False	_	0	0	0	1	 sì	sì	sì
252	TO026	703.331	708.662	5.331	True	0	0	0	0	0	0	0	False	False	False	False	False	_	1	0	0	10	 sì {P} e::h quello è uno spazio riservato a tirocini::, stage::	sì {P} e::h quello è uno spazio riservato a tirocini::, stage::	sì {P} eh quello è uno spazio riservato a tirocini stage
253	TO028	708.698	709.037	0.339	True	0	0	0	0	0	0	0	False	False	False	False	False	_	0	0	0	1	 °okay°	°okay°	okay
254	TO026	713.834	716.135	2.301	True	0	0	0	0	0	0	0	False	False	False	False	False	_	0	0	0	8	 se fa valere quello come parte di un::	se fa valere quello come parte di un::	se fa valere quello come parte di un
255	TO026	717.137	717.966	0.829	True	0	0	0	0	0	0	0	False	False	False	False	False	_	0	0	0	4	 °>insomma< è un po'::°	°>insomma< è un po'::°	insomma è un po'
256	TO028	718.075	718.828	0.753	True	0	0	0	0	0	0	0	False	False	False	False	False	_	0	0	0	3	 faccio il corso	faccio il corso	faccio il corso
257	TO026	718.84	719.651	0.811	True	0	0	0	0	0	0	0	False	False	False	False	False	_	0	0	0	3	 un po' forzato	un po' forzato	un po' forzato
258	TO028	719.89	720.885	0.995	True	0	0	0	0	0	0	0	False	False	False	False	False	_	0	0	0	6	 no no no faccio il corso	no no no faccio il corso	no no no faccio il corso
259	TO026	719.982	720.534	0.552	True	0	0	0	0	0	0	0	False	False	False	False	False	_	0	1	0	0	 {ride}	{ride}	{ride}
260	TO026	720.905	726.811	5.906	True	0	0	0	0	0	0	0	False	False	False	False	False	_	1	0	0	18	 >poi d' altra parte< è per ah no in un' altra un altro aspetto decisivo è {P} quel corso::	>poi d' altra parte< è per ah no in un' altra un altro aspetto decisivo è {P} quel corso::	poi d' altra parte è per ah no in un' altra un altro aspetto decisivo è {P} quel corso
261	TO026	727.656	731.681	4.025	True	0	0	0	0	0	0	0	False	False	False	False	False	_	0	0	0	11	 e:::h [le as]segna poi un voto o è soltanto un' approvazi[one]?	e:::h [le as]segna poi un voto o è soltanto un' approvazi[one]?	eh le assegna poi un voto o è soltanto un' approvazione
262	TO028	728.601	729.004	0.403	True	0	0	0	0	0	0	0	False	False	False	False	False	_	0	0	0	1	 [a:h]	[a:h]	ah
263	TO028	731.273	732.189	0.916	True	0	0	0	0	0	0	0	False	False	False	False	False	_	0	0	0	4	 [questo no]n lo so	[questo no]n lo so	questo non lo so
264	TO028	733.504	736.462	2.958	True	0	0	0	0	0	0	0	False	False	False	False	False	_	1	0	0	11	 questo non lo so {P} non so ne[anche se ha:: un' approvazione]	questo non lo so {P} non so ne[anche se ha:: un' approvazione]	questo non lo so {P} non so neanche se ha un' approvazione
265	TO026	734.9	738.899	3.999	True	0	0	0	0	0	0	0	False	False	False	False	False	_	0	0	0	9	 [e se assegna un vo]::to uno potrebbe anche considerare::	[e se assegna un vo]::to uno potrebbe anche considerare::	e se assegna un voto uno potrebbe anche considerare
266	TO026	739.0	739.83	0.83	True	0	0	0	0	0	0	0	False	False	False	False	False	_	0	0	0	5	 c' è il problema pero',	c' è il problema pero',	c' è il problema pero'
267	TO026	740.373	747.716	7.343	True	0	0	0	0	0	0	0	False	False	False	False	True	_	0	0	0	22	 in genere, e::h come regola così che ci siamo dati all' interno di di [xxx] e:hm è di escludere dal learning agreement,	in genere, e::h come regola così che ci siamo dati all' interno di di [xxx] e:hm è di escludere dal learning agreement,	in genere eh come regola così che ci siamo dati all' interno di di xxx ehm è di escludere dal learning agreement
268	TO026	748.651	751.702	3.051	True	0	0	0	0	0	0	0	False	False	False	False	False	_	0	0	0	8	 e::h cose appunto che:: non diano un voto	e::h cose appunto che:: non diano un voto	eh cose appunto che non diano un voto
269	TO028	752.101	752.423	0.322	True	0	0	0	0	0	0	0	False	False	False	False	False	_	0	0	0	1	 mh	mh	mh
270	TO026	753.665	759.955	6.29	True	0	0	0	0	0	0	0	False	False	False	False	False	_	0	0	0	19	 questo vale sia per corsi che:: eh si sostengono all' estero sia per corsi offerti qui a torino quindi,	questo vale sia per corsi che:: eh si sostengono all' estero sia per corsi offerti qui a torino quindi,	questo vale sia per corsi che eh si sostengono all' estero sia per corsi offerti qui a torino quindi
271	TO026	760.762	768.461	7.699	True	0	0	0	0	0	0	0	False	False	False	False	False	_	0	0	0	23	 altre attività:: eccetera::, è >in linea di principio< esclu:so fra le corrispondenze del learning agreement perché altre attività non ha un voto no?	altre attività:: eccetera::, è >in linea di principio< esclu:so fra le corrispondenze del learning agreement perché altre attività non ha un voto no?	altre attività eccetera è in linea di principio escluso fra le corrispondenze del learning agreement perché altre attività non ha un voto no
272	TO028	768.572	768.95	0.378	True	0	0	0	0	0	0	0	False	False	False	False	False	_	0	0	0	1	 mhmh	mhmh	mhmh
273	TO028	769.606	770.524	0.918	True	0	0	0	0	0	0	0	False	False	False	False	False	_	1	0	0	4	 non lo so {P} guardo::	non lo so {P} guardo::	non lo so {P} guardo
274	TO026	770.555	780.327	9.772	True	0	0	0	0	0	0	0	False	False	False	False	False	_	0	0	0	33	 pero' se lingua spagnola o:: o comunque diciamo questo esame da quattro desse un voto si puo' pensare di inserirlo e usare i crediti liberi se ne ha ancora [o se ne ha]	pero' se lingua spagnola o:: o comunque diciamo questo esame da quattro desse un voto si puo' pensare di inserirlo e usare i crediti liberi se ne ha ancora [o se ne ha]	pero' se lingua spagnola o o comunque diciamo questo esame da quattro desse un voto si puo' pensare di inserirlo e usare i crediti liberi se ne ha ancora o se ne ha
275	TO028	779.704	780.976	1.272	True	0	0	0	0	0	0	0	False	False	False	False	False	_	0	0	0	5	 [ah ah va]bbè no no	[ah ah va]bbè no no	ah ah vabbè no no
276	TO026	781.12	782.789	1.669	True	0	0	0	0	0	0	0	False	False	False	False	False	_	0	0	0	6	 [per inserire l' esame di spagnolo]	[per inserire l' esame di spagnolo]	per inserire l' esame di spagnolo
277	TO028	781.153	782.787	1.634	True	0	0	0	0	0	0	0	False	False	False	False	False	_	0	0	0	6	 [no li tengo per quando] torno	[no li tengo per quando] torno	no li tengo per quando torno
278	TO028	783.318	789.93	6.612	True	0	0	0	0	0	0	0	False	False	False	False	False	_	1	0	0	20	 no li tengo per quando torno perché poi quando tornerò avrò il problema di trovare {P} trenta crediti nel secondo semestre,	no li tengo per quando torno perché poi quando tornerò avrò il problema di trovare {P} trenta crediti nel secondo semestre,	no li tengo per quando torno perché poi quando tornerò avrò il problema di trovare {P} trenta crediti nel secondo semestre
279	TO026	790.602	793.004	2.402	True	0	0	0	0	0	0	0	False	False	False	False	False	_	1	0	0	7	 sì perché {P} [son tutti concentrati nel pri]mo	sì perché {P} [son tutti concentrati nel pri]mo	sì perché {P} son tutti concentrati nel primo
280	TO028	791.047	792.728	1.681	True	0	0	0	0	0	0	0	False	False	False	False	False	_	1	0	0	4	 [perché io adesso, {P} eh]	[perché io adesso, {P} eh]	perché io adesso {P} eh
281	TO028	793.533	796.919	3.386	True	0	0	0	0	0	0	0	False	False	False	False	False	_	0	0	0	11	 perché io adess~ questi qua son quasi tu~ quest' anno erano,	perché io adess~ questi qua son quasi tu~ quest' anno erano,	perché io adess~ questi qua son quasi tu~ quest' anno erano
282	TO028	797.771	798.672	0.901	True	0	0	0	0	0	0	0	False	False	False	False	False	_	0	0	0	5	 io ne do cinque via	io ne do cinque via	io ne do cinque via
283	TO028	799.766	802.424	2.658	True	0	0	0	0	0	0	0	False	False	False	False	False	_	0	0	0	7	 due dei quali erano nel secondo semestre,	due dei quali erano nel secondo semestre,	due dei quali erano nel secondo semestre
284	TO028	803.693	805.057	1.364	True	0	0	0	0	0	0	0	False	False	False	False	False	_	1	0	0	3	 qua {P} quest' anno	qua {P} quest' anno	qua {P} quest' anno
285	TO028	805.725	806.158	0.433	True	0	0	0	0	0	0	0	False	False	False	False	False	_	0	0	0	1	 quindi	quindi	quindi
286	TO026	807.855	808.408	0.553	True	0	0	0	0	0	0	0	False	False	False	False	False	_	0	1	0	0	 {ride}	{ride}	{ride}
287	TO028	807.855	808.408	0.553	True	0	0	0	0	0	0	0	False	False	False	False	False	_	0	1	0	0	 {ride}	{ride}	{ride}
288	TO026	809.161	809.77	0.609	True	0	0	0	0	0	0	0	False	False	False	False	False	_	0	0	0	4	 eh sì sì sì,	eh sì sì sì,	eh sì sì sì
289	TO028	809.77	810.71	0.94	True	0	0	0	0	0	0	0	False	False	False	False	False	_	0	0	0	2	 quindi vediamo	quindi vediamo	quindi vediamo
290	TO028	811.625	811.986	0.361	True	0	0	0	0	0	0	0	False	False	False	False	False	_	0	0	0	1	 okay	okay	okay
291	TO026	812.509	817.679	5.17	True	0	0	0	0	0	0	0	False	False	False	False	False	_	0	0	0	17	 eh beh appunto se:: se si~ usiamo i crediti liberi per quando tornerà qui::, non avrà problemi	eh beh appunto se:: se si~ usiamo i crediti liberi per quando tornerà qui::, non avrà problemi	eh beh appunto se se si~ usiamo i crediti liberi per quando tornerà qui non avrà problemi
292	TO028	817.734	818.513	0.779	True	0	0	0	0	0	0	0	False	False	False	False	False	_	0	0	0	3	 e:h è quello	e:h è quello	eh è quello
293	TO026	820.195	821.168	0.973	True	0	0	0	0	0	0	0	False	False	False	False	False	_	0	0	0	4	 eh bisogna decidere sì	eh bisogna decidere sì	eh bisogna decidere sì
294	TO028	821.341	821.913	0.572	True	0	0	0	0	0	0	0	False	False	False	False	False	_	0	0	0	3	 sì sì sì	sì sì sì	sì sì sì
295	TO026	821.992	822.417	0.425	True	0	0	0	0	0	0	0	False	False	False	False	False	_	0	1	0	0	 {ride}	{ride}	{ride}
296	TO028	821.992	822.417	0.425	True	0	0	0	0	0	0	0	False	False	False	False	False	_	0	1	0	0	 {ride}	{ride}	{ride}
297	TO026	822.694	825.796	3.102	True	0	0	0	0	0	0	0	False	False	False	False	False	_	0	0	0	11	 eh beh [eh beh è una questione strategica no? diciamo sì]	eh beh [eh beh è una questione strategica no? diciamo sì]	eh beh eh beh è una questione strategica no diciamo sì
298	TO028	822.865	831.646	8.781	True	0	0	0	0	0	0	0	False	False	False	False	False	_	0	0	0	32	 [no ma se mi approva il learn sono apposto sì sì] ma se mi approva quel learn lì us[o:: solo sei] crediti liberi e quindi il resto:: dovrei riuscire a fare tutto	[no ma se mi approva il learn sono apposto sì sì] ma se mi approva quel learn lì us[o:: solo sei] crediti liberi e quindi il resto:: dovrei riuscire a fare tutto	no ma se mi approva il learn sono apposto sì sì ma se mi approva quel learn lì uso solo sei crediti liberi e quindi il resto dovrei riuscire a fare tutto
299	TO026	827.586	828.503	0.917	True	0	0	0	0	0	0	0	False	False	False	False	False	_	0	0	0	3	 [sì sì quello::]	[sì sì quello::]	sì sì quello
300	TO026	831.646	835.329	3.683	True	0	0	0	0	0	0	0	False	False	False	False	False	_	0	0	0	17	 sì sì va bene, eh me [lo mandi poi e], glielo firmo e rimando via mail diciamo	sì sì va bene, eh me [lo mandi poi e], glielo firmo e rimando via mail diciamo	sì sì va bene eh me lo mandi poi e glielo firmo e rimando via mail diciamo
301	TO028	832.641	833.644	1.003	True	0	0	0	0	0	0	0	False	False	False	False	False	_	0	0	0	3	 [grazie mille allora,]	[grazie mille allora,]	grazie mille allora
302	TO028	835.42	836.677	1.257	True	0	0	0	0	0	0	0	False	False	False	False	False	_	1	0	0	3	 okay {P} grazie mille	okay {P} grazie mille	okay {P} grazie mille
303	TO026	836.677	837.791	1.114	True	0	0	0	0	0	0	0	False	False	False	False	False	_	0	0	0	3	 arrivederci di [niente],	arrivederci di [niente],	arrivederci di niente
304	TO028	837.433	838.107	0.674	True	0	0	0	0	0	0	0	False	False	False	False	False	_	0	0	0	1	 [arrivede]rci	[arrivede]rci	arrivederci
